customer_id,customer_type,industry_segment,city,state,region,customer_rating,credit_limit,current_balance,payment_terms,customer_since,last_purchase_date,tenure_days,tenure_years,recency_days,total_orders,total_revenue,R_score,F_score,M_score,RFM_score,RFM_points,RFM_segment,total_lines,total_gross_profit,avg_order_value,avg_line_value,total_quantity,first_order_date,last_order_date,active_span_days,orders_per_year
C0001,Retail,Construction,Kolkata,West Bengal,East,4,45896,43284,Advance,2024-04-10,2024-04-25,266,0.7,47,34,43201680,3,2,3,323,8,Potential / Needs Attention,208,9283240,1270637.6470588236,207700.38461538462,2123,2019-01-26,2024-11-15,2120,48.57
C0002,Fleet Owner,Manufacturing,Hyderabad,Telangana,South,2,531506,426735,Advance,2022-01-19,2024-12-04,1078,3.0,116,51,56261100,1,5,5,155,11,Loyal / High Value,309,12283200,1103158.8235294118,182074.7572815534,3253,2019-01-24,2024-09-07,2053,17.0
C0003,Government,Logistics,Surat,Gujarat,West,2,1306933,733495,Net 30,2017-02-14,2019-06-11,2878,7.9,63,38,35112260,2,4,1,241,7,Potential / Needs Attention,195,7583720,924006.8421052631,180062.87179487178,2164,2019-04-05,2024-10-30,2035,4.81
C0004,Fleet Owner,Logistics,Chennai,Tamil Nadu,South,3,506336,250255,Net 30,2017-12-20,2021-12-26,2569,7.0,1,46,47754210,5,5,4,554,14,Champions,282,10521270,1038135.0,169341.17021276595,2879,2019-03-21,2024-12-31,2112,6.57
C0005,Dealer,Construction,Ahmedabad,Gujarat,West,2,380783,183927,Net 30,2023-07-27,2024-02-17,524,1.4,89,45,58882280,2,5,5,255,12,Loyal / High Value,300,12630720,1308495.111111111,196274.26666666666,3231,2019-02-28,2024-10-04,2045,32.14
C0006,Government,Construction,Ahmedabad,Gujarat,West,3,514827,303122,Net 60,2021-10-14,2022-05-10,1175,3.2,121,40,51412280,1,4,4,144,9,Potential / Needs Attention,260,11096800,1285307.0,197739.53846153847,2737,2019-06-05,2024-09-02,1916,12.5
C0007,Corporate,Manufacturing,Pune,Maharashtra,West,4,859003,565081,Net 45,2019-03-17,2021-04-22,2117,5.8,59,31,28648240,3,1,1,311,5,At Risk / Hibernating,185,6218800,924136.7741935484,154855.35135135136,1908,2019-05-08,2024-11-03,2006,5.34
C0008,Corporate,Logistics,Mumbai,Maharashtra,West,1,941092,934117,Net 60,2015-06-24,2017-09-09,3479,9.5,169,34,37972100,1,2,2,122,5,At Risk / Hibernating,201,8382890,1116826.4705882352,188915.92039800994,2280,2019-03-04,2024-07-16,1961,3.58
C0009,Corporate,Rental,Ahmedabad,Gujarat,West,4,273316,231149,Net 60,2022-04-07,2023-09-12,1000,2.7,58,34,54041610,3,2,4,324,9,Potential / Needs Attention,248,11585670,1589459.1176470588,217909.71774193548,2677,2019-04-14,2024-11-04,2031,12.59
C0010,Dealer,Construction,Chennai,Tamil Nadu,South,5,277717,105625,Net 30,2015-12-30,2024-03-29,3290,9.0,35,46,49509380,4,5,4,454,13,Champions,269,10823070,1076290.8695652173,184049.73977695167,2985,2019-01-23,2024-11-27,2135,5.11
C0011,Retail,Infrastructure,Vadodara,Gujarat,West,4,29130,4200,Net 60,2019-03-12,2023-07-30,2122,5.8,40,41,44933810,3,4,3,343,10,Loyal / High Value,267,9853170,1095946.5853658537,168291.42322097378,2717,2019-01-03,2024-11-22,2150,7.07
C0012,Fleet Owner,Logistics,Chennai,Tamil Nadu,South,1,785687,30771,Advance,2020-08-11,2020-09-29,1604,4.4,83,37,41835630,2,3,2,232,7,Potential / Needs Attention,195,8808260,1130692.7027027027,214541.6923076923,1944,2019-01-28,2024-10-10,2082,8.41
C0013,Dealer,Construction,Surat,Gujarat,West,2,425862,104029,Advance,2021-04-01,2023-07-26,1371,3.8,66,44,60328180,2,5,5,255,12,Loyal / High Value,314,12839650,1371095.0,192127.9617834395,3311,2019-01-02,2024-10-27,2125,11.58
C0014,Fleet Owner,Construction,Kolkata,West Bengal,East,2,611397,522294,Advance,2017-08-05,2020-03-21,2706,7.4,11,27,32598320,5,1,1,511,7,Potential / Needs Attention,165,7153570,1207345.1851851852,197565.57575757575,1776,2019-03-05,2024-12-21,2118,3.65
C0015,Government,Rental,Pune,Maharashtra,West,2,790010,18560,Net 15,2019-09-15,2021-12-24,1935,5.3,46,34,47922560,3,2,4,324,9,Potential / Needs Attention,234,10423150,1409487.0588235294,204797.26495726497,2350,2019-02-18,2024-11-16,2098,6.42
C0016,Government,Rental,Ranchi,Jharkhand,East,4,1033243,195540,Net 45,2021-04-23,2022-09-16,1349,3.7,14,35,55572340,5,3,5,535,13,Champions,255,11883000,1587781.142857143,217930.74509803922,2646,2019-01-18,2024-12-18,2161,9.46
C0017,Government,Infrastructure,Chennai,Tamil Nadu,South,1,1155360,986611,Net 15,2019-11-22,2023-06-26,1867,5.1,11,39,46409400,5,4,3,543,12,Loyal / High Value,246,9955430,1189984.6153846155,188656.0975609756,2440,2019-01-31,2024-12-21,2151,7.65
C0018,Retail,Construction,Ahmedabad,Gujarat,West,2,49835,49052,Advance,2017-10-04,2019-03-29,2646,7.2,48,31,38692710,3,1,2,312,6,At Risk / Hibernating,173,8187080,1248151.935483871,223657.28323699423,1898,2019-06-10,2024-11-14,1984,4.31
C0019,Government,Logistics,Kolkata,West Bengal,East,5,678408,196058,Net 15,2024-04-14,2024-10-16,262,0.7,22,37,33389880,4,3,1,431,8,Potential / Needs Attention,186,7317240,902429.1891891892,179515.48387096773,1905,2019-01-19,2024-12-10,2152,52.86
C0020,Dealer,Logistics,Kolkata,West Bengal,East,3,492285,202707,Advance,2018-11-20,2022-03-26,2234,6.1,76,37,33443220,2,3,1,231,6,At Risk / Hibernating,198,7453090,903870.8108108108,168905.15151515152,2048,2019-01-26,2024-10-17,2091,6.07
C0021,Corporate,Mining,Hyderabad,Telangana,South,5,856624,298508,Net 15,2022-11-02,2024-04-14,791,2.2,92,45,47093630,2,5,3,253,10,Loyal / High Value,234,10176600,1046525.1111111111,201254.82905982906,2391,2019-01-16,2024-10-01,2085,20.45
C0022,Retail,Infrastructure,Chennai,Tamil Nadu,South,3,47651,19003,Net 60,2017-01-02,2022-12-30,2921,8.0,56,38,44575550,3,4,3,343,10,Loyal / High Value,235,9429280,1173040.7894736843,189683.1914893617,2582,2019-01-13,2024-11-06,2124,4.75
C0023,Corporate,Mining,Chennai,Tamil Nadu,South,2,274997,248491,Net 15,2022-09-15,2023-08-18,839,2.3,5,32,45671740,5,2,3,523,10,Loyal / High Value,209,9632970,1427241.875,218525.07177033494,2181,2019-01-05,2024-12-27,2183,13.91
C0024,Dealer,Rental,Visakhapatnam,Andhra Pradesh,South,4,266822,86814,Net 60,2024-09-24,2024-09-28,99,0.3,106,44,47587690,1,5,4,154,10,Loyal / High Value,245,10327970,1081538.4090909092,194235.4693877551,2526,2019-01-22,2024-09-17,2065,146.67
C0025,Corporate,Infrastructure,Pune,Maharashtra,West,2,738335,521844,Net 45,2023-12-13,2024-12-03,385,1.1,136,38,55220350,1,4,5,145,10,Loyal / High Value,285,12017590,1453167.105263158,193755.61403508772,2887,2019-01-29,2024-08-18,2028,34.55
C0026,Fleet Owner,Mining,Jaipur,Rajasthan,North,5,172621,3188,Net 60,2020-12-08,2021-06-16,1485,4.1,3,36,47482150,5,3,3,533,11,Loyal / High Value,250,10186780,1318948.611111111,189928.6,2679,2019-01-09,2024-12-29,2181,8.78
C0027,Fleet Owner,Logistics,Surat,Gujarat,West,1,119712,6429,Net 45,2021-02-15,2022-12-19,1416,3.9,6,39,42577230,5,4,2,542,11,Loyal / High Value,232,9138140,1091723.8461538462,183522.5431034483,2310,2019-03-25,2024-12-26,2103,10.0
C0028,Retail,Infrastructure,Bengaluru,Karnataka,South,3,45173,40670,Net 45,2022-05-08,2023-01-10,969,2.7,49,29,30031300,3,1,1,311,5,At Risk / Hibernating,184,6673030,1035562.0689655172,163213.58695652173,1843,2019-01-22,2024-11-13,2122,10.74
C0029,Dealer,Construction,Visakhapatnam,Andhra Pradesh,South,1,403949,343364,Net 45,2023-01-25,2024-01-05,707,1.9,185,38,45653420,1,4,3,143,8,Potential / Needs Attention,238,10043450,1201405.7894736843,191821.09243697478,2565,2019-01-16,2024-06-30,1992,20.0
C0030,Corporate,Construction,Hyderabad,Telangana,South,5,501072,443634,Net 60,2022-03-08,2023-10-15,1030,2.8,121,32,45703710,1,2,3,123,6,At Risk / Hibernating,226,9942210,1428240.9375,202228.8053097345,2481,2019-01-30,2024-09-02,2042,11.43
C0031,Government,Mining,Kolkata,West Bengal,East,4,661950,182414,Advance,2021-04-12,2021-11-05,1360,3.7,141,34,39680260,1,2,2,122,5,At Risk / Hibernating,207,8595400,1167066.4705882352,191692.077294686,2180,2019-04-11,2024-08-13,1951,9.19
C0032,Government,Logistics,Ahmedabad,Gujarat,West,5,1262598,420821,Net 15,2017-04-27,2017-11-03,2806,7.7,68,44,56493850,2,5,5,255,12,Loyal / High Value,278,12168890,1283951.1363636365,203215.28776978416,3015,2019-01-23,2024-10-25,2102,5.71
C0033,Government,Mining,Chennai,Tamil Nadu,South,5,655166,632856,Net 60,2022-09-24,2023-02-26,830,2.3,20,30,38713690,4,1,2,412,7,Potential / Needs Attention,200,8237030,1290456.3333333333,193568.45,2086,2019-03-05,2024-12-12,2109,13.04
C0034,Government,Construction,Pune,Maharashtra,West,5,1033298,786303,Net 15,2022-12-08,2024-08-12,755,2.1,87,32,33363540,2,2,1,221,5,At Risk / Hibernating,198,7199270,1042610.625,168502.72727272726,1983,2019-01-05,2024-10-06,2101,15.24
C0035,Dealer,Infrastructure,Indore,Madhya Pradesh,Central,4,333126,90011,Net 60,2017-08-27,2021-02-08,2684,7.3,50,38,41878010,3,4,2,342,9,Potential / Needs Attention,249,9156280,1102052.894736842,168184.77911646586,2449,2019-01-07,2024-11-12,2136,5.21
C0036,Fleet Owner,Construction,Kolkata,West Bengal,East,2,630421,352613,Net 60,2020-06-23,2021-06-23,1653,4.5,14,31,38418260,5,1,2,512,8,Potential / Needs Attention,207,8472000,1239298.7096774194,185595.45893719807,2061,2019-06-26,2024-12-18,2002,6.89
C0037,Corporate,Construction,Pune,Maharashtra,West,1,330103,123365,Advance,2015-09-18,2024-02-17,3393,9.3,68,36,35689100,2,3,1,231,6,At Risk / Hibernating,190,7721020,991363.8888888889,187837.36842105264,1860,2019-06-12,2024-10-25,1962,3.87
C0038,Fleet Owner,Rental,Jaipur,Rajasthan,North,1,348040,45014,Net 15,2016-11-18,2024-05-08,2966,8.1,33,36,45410090,4,3,3,433,10,Loyal / High Value,220,9609120,1261391.388888889,206409.5,2388,2019-01-08,2024-11-29,2152,4.44
C0039,Fleet Owner,Rental,Hyderabad,Telangana,South,4,343809,119070,Net 30,2016-11-19,2017-09-25,2965,8.1,34,38,49221640,4,4,4,444,12,Loyal / High Value,259,10620200,1295306.3157894737,190044.94208494207,2863,2019-04-17,2024-11-28,2052,4.69
C0040,Government,Logistics,Delhi,Delhi,North,2,842290,805196,Net 15,2020-08-01,2023-07-17,1614,4.4,11,43,42259970,5,5,2,552,12,Loyal / High Value,255,9390510,982790.0,165725.3725490196,2648,2019-02-23,2024-12-21,2128,9.77
C0041,Government,Rental,Hyderabad,Telangana,South,5,592802,392894,Net 60,2019-08-17,2023-11-25,1964,5.4,204,38,53358620,1,4,4,144,9,Potential / Needs Attention,264,11479850,1404174.2105263157,202115.98484848486,2815,2019-01-11,2024-06-11,1978,7.04
C0042,Fleet Owner,Rental,Chennai,Tamil Nadu,South,4,731768,472737,Net 15,2016-10-29,2023-07-20,2986,8.2,80,41,57941340,2,4,5,245,11,Loyal / High Value,288,12529860,1413203.4146341463,201185.20833333334,2976,2019-01-25,2024-10-13,2088,5.0
C0043,Corporate,Construction,Chennai,Tamil Nadu,South,4,387054,12548,Net 30,2019-07-21,2020-03-03,1991,5.5,201,36,37467660,1,3,2,132,6,At Risk / Hibernating,253,8472220,1040768.3333333334,148093.51778656128,2472,2019-04-04,2024-06-14,1898,6.55
C0044,Government,Mining,Mumbai,Maharashtra,West,4,888707,663201,Advance,2016-03-08,2016-07-16,3221,8.8,45,34,38929350,3,2,2,322,7,Potential / Needs Attention,208,8435730,1144980.8823529412,187160.33653846153,2129,2019-01-05,2024-11-17,2143,3.86
C0045,Corporate,Rental,Kolkata,West Bengal,East,4,495460,268927,Net 60,2015-08-11,2018-07-27,3431,9.4,17,42,59085670,5,5,5,555,15,Champions,278,12560040,1406801.6666666667,212538.38129496403,2924,2019-02-02,2024-12-15,2143,4.47
C0046,Retail,Rental,Ahmedabad,Gujarat,West,3,14743,2408,Net 45,2017-12-28,2021-05-20,2561,7.0,23,46,68236200,4,5,5,455,14,Champions,302,14552050,1483395.652173913,225947.6821192053,3109,2019-02-03,2024-12-09,2136,6.57
C0047,Corporate,Rental,Pune,Maharashtra,West,5,425838,329681,Net 60,2019-05-25,2021-03-31,2048,5.6,129,30,45416100,1,1,3,113,5,At Risk / Hibernating,213,9461000,1513870.0,213221.12676056338,2272,2019-04-06,2024-08-25,1968,5.36
C0048,Dealer,Mining,Hyderabad,Telangana,South,3,424609,267683,Net 45,2022-02-27,2023-03-20,1039,2.8,111,31,38811940,1,1,2,112,4,Lost / Low Value,205,8383530,1251998.064516129,189326.53658536586,2043,2019-04-05,2024-09-12,1987,11.07
C0049,Dealer,Manufacturing,Coimbatore,Tamil Nadu,South,5,116389,95867,Net 15,2023-03-10,2023-07-19,663,1.8,7,39,64589840,5,4,5,545,14,Champions,293,13629300,1656149.7435897435,220443.13993174062,3073,2019-01-25,2024-12-25,2161,21.67
C0050,Dealer,Mining,Kolkata,West Bengal,East,3,442160,257973,Net 30,2024-09-01,2024-09-15,122,0.3,18,27,44016360,4,1,3,413,8,Potential / Needs Attention,177,9260840,1630235.5555555555,248680.0,1930,2019-01-11,2024-12-14,2164,90.0
C0051,Retail,Infrastructure,Jaipur,Rajasthan,North,4,40307,777,Net 45,2020-08-17,2020-10-11,1598,4.4,47,36,46593280,3,3,3,333,9,Potential / Needs Attention,245,10173460,1294257.7777777778,190176.6530612245,2586,2019-02-15,2024-11-15,2100,8.18
C0052,Government,Manufacturing,Guwahati,Assam,North East,2,1297924,695848,Net 30,2022-07-04,2023-11-21,912,2.5,21,35,44420040,4,3,3,433,10,Loyal / High Value,228,9545160,1269144.0,194824.73684210525,2298,2019-02-12,2024-12-11,2129,14.0
C0053,Fleet Owner,Construction,Delhi,Delhi,North,5,406292,44107,Net 60,2023-10-28,2024-06-15,431,1.2,105,27,35369930,1,1,1,111,3,Lost / Low Value,184,7493880,1309997.4074074074,192227.88043478262,1874,2019-05-16,2024-09-18,1952,22.5
C0054,Fleet Owner,Manufacturing,Chennai,Tamil Nadu,South,2,225508,149649,Net 15,2024-11-07,2024-12-03,55,0.2,18,37,49743760,4,3,4,434,11,Loyal / High Value,222,10355950,1344425.945945946,224070.99099099098,2238,2019-01-31,2024-12-14,2144,185.0
C0055,Dealer,Construction,Delhi,Delhi,North,1,394514,195008,Net 45,2018-07-24,2020-06-13,2353,6.4,21,32,46311140,4,2,3,423,9,Potential / Needs Attention,246,9941370,1447223.125,188256.66666666666,2627,2019-04-01,2024-12-11,2081,5.0
C0056,Dealer,Mining,Delhi,Delhi,North,4,209877,191295,Advance,2022-09-23,2024-11-09,831,2.3,52,36,47730860,3,3,4,334,10,Loyal / High Value,232,10158830,1325857.2222222222,205736.4655172414,2498,2019-01-08,2024-11-10,2133,15.65
C0057,Retail,Logistics,Kolkata,West Bengal,East,3,23289,4934,Net 45,2015-06-10,2016-08-05,3493,9.6,28,32,39001020,4,2,2,422,8,Potential / Needs Attention,211,8542850,1218781.875,184838.95734597158,2256,2019-03-20,2024-12-04,2086,3.33
C0058,Retail,Infrastructure,Pune,Maharashtra,West,3,43362,11601,Net 15,2018-05-11,2019-05-15,2427,6.6,8,40,44606750,5,4,3,543,12,Loyal / High Value,250,9628000,1115168.75,178427.0,2537,2019-01-23,2024-12-24,2162,6.06
C0059,Retail,Manufacturing,Hyderabad,Telangana,South,3,37344,31278,Net 30,2020-10-11,2023-01-25,1543,4.2,12,32,44636580,5,2,3,523,10,Loyal / High Value,223,9601820,1394893.125,200164.03587443946,2341,2019-01-21,2024-12-20,2160,7.62
C0060,Dealer,Mining,Hyderabad,Telangana,South,1,350950,129725,Net 60,2017-07-21,2023-08-07,2721,7.4,38,44,60575030,3,5,5,355,13,Champions,313,12929060,1376705.2272727273,193530.44728434505,3190,2019-07-20,2024-11-24,1954,5.95
C0061,Dealer,Construction,Surat,Gujarat,West,4,362037,167542,Net 45,2016-02-14,2017-02-18,3244,8.9,115,29,26564250,1,1,1,111,3,Lost / Low Value,136,5666850,916008.6206896552,195325.36764705883,1352,2019-01-29,2024-09-08,2049,3.26
C0062,Dealer,Construction,Hyderabad,Telangana,South,1,231418,123783,Net 60,2022-07-21,2022-09-15,895,2.5,62,36,61918150,2,3,5,235,10,Loyal / High Value,282,13267650,1719948.611111111,219567.90780141845,3044,2019-03-18,2024-10-31,2054,14.4
C0063,Retail,Rental,Delhi,Delhi,North,5,26508,25298,Advance,2017-05-06,2020-11-30,2797,7.7,13,38,56519080,5,4,5,545,14,Champions,245,11888410,1487344.2105263157,230690.1224489796,2571,2019-02-28,2024-12-19,2121,4.94
C0064,Corporate,Manufacturing,Chandigarh,Punjab,North,3,577111,313205,Net 45,2017-01-19,2019-08-20,2904,8.0,75,32,45390350,2,2,3,223,7,Potential / Needs Attention,221,9604360,1418448.4375,205386.19909502263,2240,2019-03-21,2024-10-18,2038,4.0
C0065,Corporate,Mining,Vadodara,Gujarat,West,4,464475,104333,Net 15,2022-08-29,2023-09-24,856,2.3,20,36,46865770,4,3,3,433,10,Loyal / High Value,232,9924220,1301826.9444444445,202007.62931034484,2370,2019-01-07,2024-12-12,2166,15.65
C0066,Retail,Manufacturing,Indore,Madhya Pradesh,Central,1,37976,5882,Net 60,2024-10-07,2024-10-08,86,0.2,82,32,42371560,2,2,2,222,6,At Risk / Hibernating,236,9223540,1324111.25,179540.50847457626,2394,2019-01-29,2024-10-11,2082,160.0
C0067,Retail,Manufacturing,Ahmedabad,Gujarat,West,3,34526,17171,Net 15,2015-04-30,2022-07-01,3534,9.7,2,31,43570420,5,1,3,513,9,Potential / Needs Attention,199,9163240,1405497.4193548388,218946.83417085427,2135,2019-05-29,2024-12-30,2042,3.2
C0068,Retail,Mining,Delhi,Delhi,North,1,27354,3730,Advance,2016-09-07,2018-07-19,3038,8.3,26,39,45062980,4,4,3,443,11,Loyal / High Value,219,9833470,1155461.0256410257,205767.03196347033,2466,2019-03-11,2024-12-06,2097,4.7
C0069,Dealer,Logistics,Delhi,Delhi,North,2,413414,288815,Net 15,2021-09-12,2023-10-15,1207,3.3,21,47,60517360,4,5,5,455,14,Champions,321,13050330,1287603.4042553192,188527.6012461059,3351,2019-02-18,2024-12-11,2123,14.24
C0070,Government,Logistics,Ahmedabad,Gujarat,West,3,549454,84153,Net 30,2022-11-10,2024-12-04,783,2.1,12,41,60254230,5,4,5,545,14,Champions,279,12888130,1469615.3658536586,215964.98207885303,2884,2019-02-04,2024-12-20,2146,19.52
C0071,Corporate,Rental,Jaipur,Rajasthan,North,2,735733,268163,Net 45,2015-12-28,2019-01-08,3292,9.0,36,42,56572600,4,5,5,455,14,Champions,290,12190240,1346966.6666666667,195077.93103448275,3085,2019-01-24,2024-11-26,2133,4.67
C0072,Government,Logistics,Pune,Maharashtra,West,3,1196826,1192089,Net 15,2018-08-05,2020-12-29,2341,6.4,9,26,43449850,5,1,3,513,9,Potential / Needs Attention,180,9163570,1671148.076923077,241388.05555555556,1998,2019-06-15,2024-12-23,2018,4.06
C0073,Corporate,Rental,Jaipur,Rajasthan,North,4,740385,319020,Advance,2020-11-09,2024-04-22,1514,4.1,50,32,44726770,3,2,3,323,8,Potential / Needs Attention,203,9420970,1397711.5625,220328.91625615762,2151,2019-03-23,2024-11-12,2061,7.8
C0074,Fleet Owner,Infrastructure,Bhubaneswar,Odisha,East,5,259356,11327,Net 60,2018-08-08,2023-04-29,2338,6.4,1,39,39627770,5,4,2,542,11,Loyal / High Value,244,8619310,1016096.6666666666,162408.89344262294,2466,2019-01-10,2024-12-31,2182,6.09
C0075,Retail,Mining,Hyderabad,Telangana,South,5,27094,12134,Net 45,2024-09-06,2024-10-18,117,0.3,73,33,39435130,2,2,2,222,6,At Risk / Hibernating,211,8755050,1195003.9393939395,186896.35071090047,2235,2019-04-17,2024-10-20,2013,110.0
C0076,Government,Mining,Chennai,Tamil Nadu,South,2,1094151,760549,Advance,2022-01-31,2022-10-14,1066,2.9,87,45,62759940,2,5,5,255,12,Loyal / High Value,307,13249150,1394665.3333333333,204429.77198697068,3067,2019-01-12,2024-10-06,2094,15.52
C0077,Corporate,Mining,Delhi,Delhi,North,1,715444,620984,Net 60,2016-07-14,2019-04-11,3093,8.5,16,34,45390570,5,2,3,523,10,Loyal / High Value,228,9617800,1335016.7647058824,199081.44736842104,2369,2019-02-05,2024-12-16,2141,4.0
C0078,Dealer,Rental,Visakhapatnam,Andhra Pradesh,South,1,166204,71681,Net 30,2021-12-25,2022-06-06,1103,3.0,193,31,33430220,1,1,1,111,3,Lost / Low Value,186,7307780,1078394.1935483871,179732.36559139786,2035,2019-01-31,2024-06-22,1969,10.33
C0079,Retail,Rental,Delhi,Delhi,North,5,28890,10702,Net 60,2024-12-15,2024-12-17,17,0.0,34,31,36993090,4,1,1,411,6,At Risk / Hibernating,194,8010000,1193325.4838709678,190686.03092783506,1956,2019-01-25,2024-11-28,2134,31.0
C0080,Retail,Mining,Chennai,Tamil Nadu,South,1,35201,14738,Net 45,2021-03-12,2023-05-07,1391,3.8,59,42,44386690,3,5,3,353,11,Loyal / High Value,250,9667830,1056825.9523809524,177546.76,2633,2019-02-20,2024-11-03,2083,11.05
C0081,Corporate,Rental,Surat,Gujarat,West,1,208371,44941,Net 15,2017-02-22,2024-10-25,2870,7.9,9,37,44271750,5,3,3,533,11,Loyal / High Value,249,9552150,1196533.7837837837,177798.19277108434,2676,2019-01-03,2024-12-23,2181,4.68
C0082,Fleet Owner,Manufacturing,Ahmedabad,Gujarat,West,3,432697,104648,Net 60,2022-01-17,2022-11-01,1080,3.0,14,46,60929520,5,5,5,555,15,Champions,306,13012020,1324554.7826086956,199116.07843137256,3206,2019-03-17,2024-12-18,2103,15.33
C0083,Dealer,Infrastructure,Delhi,Delhi,North,2,214857,64003,Net 45,2018-08-06,2024-02-24,2340,6.4,89,45,70378740,2,5,5,255,12,Loyal / High Value,324,14841260,1563972.0,217218.33333333334,3381,2019-05-23,2024-10-04,1961,7.03
C0084,Corporate,Logistics,Pune,Maharashtra,West,3,522422,458160,Net 60,2021-11-03,2023-04-03,1155,3.2,101,39,57484480,1,4,5,145,10,Loyal / High Value,253,12025700,1473961.0256410257,227211.38339920947,2567,2019-04-29,2024-09-22,1973,12.19
C0085,Retail,Mining,Chennai,Tamil Nadu,South,4,18145,7599,Net 45,2022-10-03,2024-08-14,821,2.2,103,37,47385290,1,3,3,133,7,Potential / Needs Attention,216,9970600,1280683.5135135136,219376.34259259258,2228,2019-01-01,2024-09-20,2089,16.82
C0086,Retail,Construction,Ahmedabad,Gujarat,West,3,32547,1770,Net 60,2022-04-12,2024-11-14,995,2.7,40,29,46746570,3,1,3,313,7,Potential / Needs Attention,189,9820530,1611950.6896551724,247336.3492063492,2069,2019-01-12,2024-11-22,2141,10.74
C0087,Government,Logistics,Hyderabad,Telangana,South,3,831098,749605,Net 60,2019-10-04,2023-01-17,1916,5.2,15,39,39608130,5,4,2,542,11,Loyal / High Value,255,8715400,1015593.0769230769,155326.0,2510,2019-01-22,2024-12-17,2156,7.5
C0088,Corporate,Infrastructure,Pune,Maharashtra,West,1,516553,272170,Net 45,2024-01-19,2024-03-14,348,1.0,148,36,44991010,1,3,3,133,7,Potential / Needs Attention,232,9614680,1249750.2777777778,193926.7672413793,2304,2019-01-26,2024-08-06,2019,36.0
C0089,Corporate,Rental,Surat,Gujarat,West,4,930006,400599,Net 30,2016-09-25,2023-06-23,3020,8.3,48,37,37054300,3,3,2,332,8,Potential / Needs Attention,216,8237210,1001467.5675675676,171547.6851851852,2219,2019-01-02,2024-11-14,2143,4.46
C0090,Government,Infrastructure,Delhi,Delhi,North,1,1009986,294069,Net 15,2018-08-05,2020-12-18,2341,6.4,71,43,40810370,2,5,2,252,9,Potential / Needs Attention,250,9031570,949078.3720930233,163241.48,2647,2019-03-16,2024-10-22,2047,6.72
C0091,Retail,Construction,Coimbatore,Tamil Nadu,South,2,48920,2123,Net 45,2023-11-14,2024-01-13,414,1.1,116,30,30689510,1,1,1,111,3,Lost / Low Value,190,6748820,1022983.6666666666,161523.73684210525,1952,2019-01-09,2024-09-07,2068,27.27
C0092,Fleet Owner,Logistics,Ahmedabad,Gujarat,West,2,532908,244201,Advance,2022-07-25,2022-07-29,891,2.4,155,36,36740510,1,3,1,131,5,At Risk / Hibernating,201,8042810,1020569.7222222222,182788.60696517414,2164,2019-01-17,2024-07-30,2021,15.0
C0093,Dealer,Manufacturing,Chennai,Tamil Nadu,South,2,447924,287318,Advance,2018-07-04,2024-02-29,2373,6.5,31,36,45460060,4,3,3,433,10,Loyal / High Value,241,9744050,1262779.4444444445,188630.9543568465,2522,2019-02-13,2024-12-01,2118,5.54
C0094,Corporate,Logistics,Pune,Maharashtra,West,4,206889,166058,Advance,2021-08-18,2023-04-18,1232,3.4,103,31,36407440,1,1,1,111,3,Lost / Low Value,188,7773540,1174433.5483870967,193656.59574468085,1934,2019-01-18,2024-09-20,2072,9.12
C0095,Fleet Owner,Logistics,Nagpur,Maharashtra,West,3,207876,37163,Net 45,2023-06-13,2024-09-26,568,1.6,6,29,43640740,5,1,3,513,9,Potential / Needs Attention,213,9334220,1504853.103448276,204886.10328638498,2310,2019-05-21,2024-12-26,2046,18.12
C0096,Corporate,Construction,Chennai,Tamil Nadu,South,3,401903,200385,Net 15,2024-04-05,2024-07-18,271,0.7,2,34,40828880,5,2,2,522,9,Potential / Needs Attention,227,8794310,1200849.4117647058,179862.9074889868,2169,2019-01-02,2024-12-30,2189,48.57
C0097,Corporate,Construction,Pune,Maharashtra,West,5,351063,253,Net 15,2021-05-12,2021-08-26,1330,3.6,16,26,37217840,5,1,2,512,8,Potential / Needs Attention,169,8059750,1431455.3846153845,220223.90532544377,1822,2019-03-22,2024-12-16,2096,7.22
C0098,Corporate,Mining,Kolkata,West Bengal,East,1,270655,236169,Net 30,2022-02-21,2022-09-25,1045,2.9,14,35,44013350,5,3,3,533,11,Loyal / High Value,221,9450000,1257524.2857142857,199155.42986425338,2381,2019-03-14,2024-12-18,2106,12.07
C0099,Fleet Owner,Rental,Visakhapatnam,Andhra Pradesh,South,4,601814,62089,Advance,2017-05-17,2017-07-09,2786,7.6,6,44,44372200,5,5,3,553,13,Champions,275,9762570,1008459.0909090909,161353.45454545456,2882,2019-01-10,2024-12-26,2177,5.79
C0100,Government,Construction,Chandigarh,Punjab,North,3,504876,56494,Net 30,2015-02-01,2023-02-18,3622,9.9,113,38,38016250,1,4,2,142,7,Potential / Needs Attention,218,8472250,1000427.6315789474,174386.46788990826,2363,2019-01-25,2024-09-10,2055,3.84
C0101,Corporate,Logistics,Chennai,Tamil Nadu,South,5,242777,155072,Net 60,2021-02-06,2023-11-09,1425,3.9,83,38,49185770,2,4,4,244,10,Loyal / High Value,270,10829870,1294362.3684210526,182169.5185185185,2830,2019-02-26,2024-10-10,2053,9.74
C0102,Government,Infrastructure,Patna,Bihar,East,4,1221840,547151,Net 60,2017-02-13,2017-10-01,2879,7.9,69,34,56370590,2,2,5,225,9,Potential / Needs Attention,247,11854960,1657958.5294117648,228221.012145749,2736,2019-03-11,2024-10-24,2054,4.3
C0103,Dealer,Infrastructure,Coimbatore,Tamil Nadu,South,4,167168,77679,Net 45,2017-11-07,2019-04-29,2612,7.2,125,40,59164240,1,4,5,145,10,Loyal / High Value,265,12525420,1479106.0,223261.28301886792,2899,2019-02-21,2024-08-29,2016,5.56
C0104,Fleet Owner,Infrastructure,Visakhapatnam,Andhra Pradesh,South,1,318210,213321,Net 60,2022-01-24,2024-04-19,1073,2.9,2,34,33092730,5,2,1,521,8,Potential / Needs Attention,205,7386390,973315.5882352941,161427.9512195122,2146,2019-04-06,2024-12-30,2095,11.72
C0105,Government,Logistics,Delhi,Delhi,North,4,1275897,228879,Net 60,2021-07-14,2021-11-15,1267,3.5,36,41,44966360,4,4,3,443,11,Loyal / High Value,250,9854280,1096740.487804878,179865.44,2459,2019-05-25,2024-11-26,2012,11.71
C0106,Dealer,Infrastructure,Indore,Madhya Pradesh,Central,2,223855,212350,Advance,2023-09-02,2024-05-08,487,1.3,50,39,45839560,3,4,3,343,10,Loyal / High Value,264,9907590,1175373.3333333333,173634.69696969696,2716,2019-04-07,2024-11-12,2046,30.0
C0107,Fleet Owner,Construction,Delhi,Delhi,North,1,412425,152905,Net 30,2018-06-21,2019-10-30,2386,6.5,21,49,66825070,4,5,5,455,14,Champions,350,14554150,1363776.9387755103,190928.77142857143,3857,2019-01-16,2024-12-11,2156,7.54
C0108,Corporate,Rental,Jaipur,Rajasthan,North,4,676059,420507,Advance,2015-09-22,2017-10-27,3389,9.3,3,24,24485250,5,1,1,511,7,Potential / Needs Attention,159,5430630,1020218.75,153995.28301886792,1618,2019-01-03,2024-12-29,2187,2.58
C0109,Retail,Mining,Chennai,Tamil Nadu,South,1,47756,11043,Net 15,2016-08-02,2021-11-06,3074,8.4,23,44,54539050,4,5,5,455,14,Champions,321,11822420,1239523.8636363635,169903.58255451714,3308,2019-01-14,2024-12-09,2156,5.24
C0110,Dealer,Logistics,Indore,Madhya Pradesh,Central,5,107758,68824,Advance,2023-03-12,2024-04-12,661,1.8,194,42,71230450,1,5,5,155,11,Loyal / High Value,347,15370340,1695963.0952380951,205275.0720461095,3618,2019-01-25,2024-06-21,1974,23.33
C0111,Corporate,Construction,Chennai,Tamil Nadu,South,3,332240,18012,Net 15,2015-04-16,2019-09-29,3548,9.7,16,33,43914790,5,2,3,523,10,Loyal / High Value,236,9473830,1330751.2121212122,186079.61864406778,2497,2019-04-09,2024-12-16,2078,3.4
C0112,Fleet Owner,Mining,Hyderabad,Telangana,South,2,389833,373500,Net 45,2022-10-17,2023-05-03,807,2.2,31,33,36333120,4,2,1,421,7,Potential / Needs Attention,202,7853190,1101003.6363636365,179866.9306930693,2138,2019-02-27,2024-12-01,2104,15.0
C0113,Corporate,Logistics,Chennai,Tamil Nadu,South,2,965190,17579,Advance,2020-01-31,2024-03-11,1797,4.9,9,41,61701750,5,4,5,545,14,Champions,282,13000640,1504920.731707317,218800.53191489363,2822,2019-01-13,2024-12-23,2171,8.37
C0114,Retail,Mining,Kolkata,West Bengal,East,4,42285,6186,Net 30,2017-05-18,2017-12-04,2785,7.6,96,33,38178710,2,2,2,222,6,At Risk / Hibernating,242,8494540,1156930.606060606,157763.26446280992,2482,2019-02-09,2024-09-27,2057,4.34
C0115,Fleet Owner,Mining,Visakhapatnam,Andhra Pradesh,South,5,666395,628219,Net 30,2017-07-20,2022-07-02,2722,7.5,34,29,34787020,4,1,1,411,6,At Risk / Hibernating,186,7508610,1199552.4137931035,187026.98924731184,1937,2019-05-07,2024-11-28,2032,3.87
C0116,Dealer,Construction,Delhi,Delhi,North,1,480944,340796,Net 45,2020-12-27,2023-06-09,1466,4.0,157,35,50227070,1,3,4,134,8,Potential / Needs Attention,237,10802670,1435059.142857143,211928.5654008439,2516,2019-01-08,2024-07-28,2028,8.75
C0117,Government,Mining,Guwahati,Assam,North East,3,856033,284259,Net 60,2024-02-28,2024-10-13,308,0.8,142,31,30628680,1,1,1,111,3,Lost / Low Value,193,6663800,988021.9354838709,158697.8238341969,1951,2019-01-01,2024-08-12,2050,38.75
C0118,Retail,Rental,Chennai,Tamil Nadu,South,4,40651,8239,Net 60,2021-08-11,2023-10-04,1239,3.4,22,32,32892640,4,2,1,421,7,Potential / Needs Attention,205,7347260,1027895.0,160451.9024390244,2110,2019-02-03,2024-12-10,2137,9.41
C0119,Government,Manufacturing,Surat,Gujarat,West,4,1079453,124485,Net 60,2016-10-29,2020-06-12,2986,8.2,67,51,52748640,2,5,4,254,11,Loyal / High Value,279,11568280,1034287.0588235294,189063.2258064516,2990,2019-01-07,2024-10-26,2119,6.22
C0120,Fleet Owner,Construction,Bengaluru,Karnataka,South,5,416429,90596,Net 30,2024-12-04,2024-12-24,28,0.1,47,34,39523350,3,2,2,322,7,Potential / Needs Attention,227,8715290,1162451.4705882352,174111.67400881057,2427,2019-01-02,2024-11-15,2144,340.0
C0121,Government,Construction,Pune,Maharashtra,West,2,690836,432165,Net 30,2020-03-13,2020-05-15,1755,4.8,31,34,36904340,4,2,1,421,7,Potential / Needs Attention,188,7832470,1085421.7647058824,196299.68085106384,1853,2019-01-22,2024-12-01,2140,7.08
C0122,Dealer,Rental,Guwahati,Assam,North East,2,351917,4859,Advance,2024-05-05,2024-07-05,241,0.7,57,31,37712330,3,1,2,312,6,At Risk / Hibernating,196,8247770,1216526.7741935484,192409.8469387755,2051,2019-01-12,2024-11-05,2124,44.29
C0123,Corporate,Infrastructure,Kolkata,West Bengal,East,3,574353,239735,Net 30,2019-10-22,2022-12-13,1898,5.2,58,36,54900300,3,3,5,335,11,Loyal / High Value,252,11760630,1525008.3333333333,217858.33333333334,2644,2019-01-16,2024-11-04,2119,6.92
C0124,Dealer,Construction,Pune,Maharashtra,West,3,211359,167163,Net 60,2016-09-16,2019-02-01,3029,8.3,58,42,43084310,3,5,3,353,11,Loyal / High Value,273,9546400,1025816.9047619047,157817.98534798535,2907,2019-01-11,2024-11-04,2124,5.06
C0125,Government,Mining,Surat,Gujarat,West,4,557944,302970,Advance,2016-12-10,2020-02-06,2944,8.1,23,30,25077820,4,1,1,411,6,At Risk / Hibernating,153,5502070,835927.3333333334,163907.3202614379,1586,2019-02-17,2024-12-09,2122,3.7
C0126,Dealer,Manufacturing,Hyderabad,Telangana,South,4,473103,222292,Net 15,2017-11-24,2024-05-14,2595,7.1,271,33,50213860,1,2,4,124,7,Potential / Needs Attention,207,10481220,1521632.121212121,242579.03381642513,2272,2019-03-05,2024-04-05,1858,4.65
C0127,Government,Construction,Kolkata,West Bengal,East,1,1030275,912169,Net 45,2015-01-29,2015-05-24,3625,9.9,190,28,38456060,1,1,2,112,4,Lost / Low Value,196,8273240,1373430.7142857143,196204.38775510204,2134,2019-03-01,2024-06-25,1943,2.83
C0128,Retail,Mining,Ahmedabad,Gujarat,West,1,39121,16592,Net 60,2021-08-17,2021-11-12,1233,3.4,14,33,54226840,5,2,4,524,11,Loyal / High Value,228,11331420,1643237.5757575757,237837.01754385966,2377,2019-01-02,2024-12-18,2177,9.71
C0129,Corporate,Mining,Delhi,Delhi,North,5,902420,248703,Net 45,2017-11-23,2024-04-23,2596,7.1,62,36,59941820,2,3,5,235,10,Loyal / High Value,276,12713880,1665050.5555555555,217180.5072463768,2939,2019-01-06,2024-10-31,2125,5.07
C0130,Government,Mining,Pune,Maharashtra,West,1,1196003,228242,Net 45,2021-05-09,2024-02-10,1333,3.6,46,39,47103710,3,4,3,343,10,Loyal / High Value,241,10163500,1207787.435897436,195451.07883817426,2610,2019-02-17,2024-11-16,2099,10.83
C0131,Corporate,Rental,Hyderabad,Telangana,South,2,215893,70818,Advance,2020-12-18,2021-09-24,1475,4.0,201,32,46237660,1,2,3,123,6,At Risk / Hibernating,207,9749820,1444926.875,223370.3381642512,2228,2019-02-21,2024-06-14,1940,8.0
C0132,Corporate,Construction,Indore,Madhya Pradesh,Central,2,604969,495963,Net 30,2022-09-03,2023-07-06,851,2.3,92,37,38534330,2,3,2,232,7,Potential / Needs Attention,221,8411080,1041468.3783783783,174363.48416289594,2285,2019-02-22,2024-10-01,2048,16.09
C0133,Government,Mining,Visakhapatnam,Andhra Pradesh,South,1,1144779,737832,Net 15,2019-05-14,2020-07-16,2059,5.6,269,29,40181100,1,1,2,112,4,Lost / Low Value,179,8680540,1385555.1724137932,224475.4189944134,1898,2019-03-27,2024-04-07,1838,5.18
C0134,Fleet Owner,Infrastructure,Ahmedabad,Gujarat,West,5,369606,281323,Net 60,2024-06-15,2024-09-03,200,0.5,38,48,66943890,3,5,5,355,13,Champions,358,14276670,1394664.375,186994.1061452514,3623,2019-03-03,2024-11-24,2093,96.0
C0135,Retail,Rental,Bengaluru,Karnataka,South,2,21372,14639,Net 60,2017-10-17,2019-05-13,2633,7.2,127,35,49182970,1,3,4,134,8,Potential / Needs Attention,227,10189490,1405227.7142857143,216665.06607929515,2223,2019-03-09,2024-08-27,1998,4.86
C0136,Dealer,Mining,Ahmedabad,Gujarat,West,3,425042,208808,Advance,2020-11-06,2022-11-06,1517,4.2,49,37,35915090,3,3,1,331,7,Potential / Needs Attention,202,7967780,970678.1081081082,177797.47524752477,2041,2019-03-23,2024-11-13,2062,8.81
C0137,Dealer,Infrastructure,Chennai,Tamil Nadu,South,5,257346,114551,Net 15,2015-11-19,2022-01-10,3331,9.1,205,21,33571570,1,1,1,111,3,Lost / Low Value,149,7007150,1598646.1904761905,225312.55033557047,1656,2019-06-13,2024-06-10,1824,2.31
C0138,Corporate,Mining,Hyderabad,Telangana,South,5,251506,244794,Advance,2016-08-14,2024-06-19,3062,8.4,7,34,49111730,5,2,4,524,11,Loyal / High Value,249,10431820,1444462.6470588236,197235.86345381525,2527,2019-01-10,2024-12-25,2176,4.05
C0139,Government,Mining,Ahmedabad,Gujarat,West,2,825908,770729,Net 15,2023-09-11,2024-02-23,478,1.3,62,29,29295750,2,1,1,211,4,Lost / Low Value,155,6484880,1010198.275862069,189004.83870967742,1729,2019-03-13,2024-10-31,2059,22.31
C0140,Retail,Logistics,Pune,Maharashtra,West,3,14401,7550,Net 60,2018-04-03,2022-06-23,2465,6.7,38,37,47230520,3,3,3,333,9,Potential / Needs Attention,243,10259910,1276500.5405405406,194364.27983539095,2498,2019-03-18,2024-11-24,2078,5.52
C0141,Corporate,Rental,Ahmedabad,Gujarat,West,4,742629,317916,Net 60,2024-08-04,2024-08-09,150,0.4,47,36,51926540,3,3,4,334,10,Loyal / High Value,234,11019830,1442403.888888889,221908.2905982906,2432,2019-04-06,2024-11-15,2050,90.0
C0142,Retail,Manufacturing,Ahmedabad,Gujarat,West,1,34620,17030,Net 60,2023-02-23,2023-05-10,678,1.9,24,45,66580100,4,5,5,455,14,Champions,308,14105530,1479557.7777777778,216169.15584415584,3255,2019-02-06,2024-12-08,2132,23.68
C0143,Corporate,Infrastructure,Chennai,Tamil Nadu,South,3,915191,549312,Net 45,2017-11-08,2024-11-07,2611,7.1,152,27,35058490,1,1,1,111,3,Lost / Low Value,175,7573460,1298462.5925925926,200334.22857142857,1891,2019-01-11,2024-08-02,2030,3.8
C0144,Fleet Owner,Construction,Mumbai,Maharashtra,West,2,578368,178549,Net 60,2022-10-16,2023-07-15,808,2.2,131,25,31072090,1,1,1,111,3,Lost / Low Value,152,6679030,1242883.6,204421.6447368421,1709,2019-04-02,2024-08-23,1970,11.36
C0145,Retail,Construction,Pune,Maharashtra,West,3,49522,23237,Net 45,2024-03-24,2024-12-27,283,0.8,3,33,27079080,5,2,1,521,8,Potential / Needs Attention,179,5942730,820578.1818181818,151279.77653631286,1817,2019-04-01,2024-12-29,2099,41.25
C0146,Retail,Mining,Ahmedabad,Gujarat,West,3,21418,15972,Net 60,2024-07-01,2024-11-08,184,0.5,1,30,48058590,5,1,4,514,10,Loyal / High Value,234,10475440,1601953.0,205378.58974358975,2407,2019-01-20,2024-12-31,2172,60.0
C0147,Dealer,Rental,Delhi,Delhi,North,5,363902,291538,Net 45,2017-03-13,2019-06-27,2851,7.8,10,30,34566290,5,1,1,511,7,Potential / Needs Attention,168,7506110,1152209.6666666667,205751.72619047618,1946,2019-07-21,2024-12-22,1981,3.85
C0148,Government,Construction,Coimbatore,Tamil Nadu,South,4,1202629,329492,Net 15,2018-03-18,2021-05-14,2481,6.8,23,35,43008380,4,3,3,433,10,Loyal / High Value,193,9190100,1228810.857142857,222841.34715025907,2144,2019-01-28,2024-12-09,2142,5.15
C0149,Government,Manufacturing,Surat,Gujarat,West,3,1227707,1171024,Advance,2020-04-16,2021-06-09,1721,4.7,20,38,51241680,4,4,4,444,12,Loyal / High Value,257,10708460,1348465.2631578948,199383.96887159534,2566,2019-02-28,2024-12-12,2114,8.09
C0150,Fleet Owner,Manufacturing,Ahmedabad,Gujarat,West,5,197605,127111,Net 45,2022-02-13,2024-03-09,1053,2.9,53,30,32673410,3,1,1,311,5,At Risk / Hibernating,202,7079720,1089113.6666666667,161749.55445544556,1938,2019-07-12,2024-11-09,1947,10.34
C0151,Government,Infrastructure,Kolkata,West Bengal,East,5,1163117,166210,Net 45,2016-07-10,2022-10-29,3097,8.5,34,27,31051670,4,1,1,411,6,At Risk / Hibernating,187,6815980,1150061.851851852,166051.71122994652,1902,2019-03-03,2024-11-28,2097,3.18
C0152,Corporate,Manufacturing,Chennai,Tamil Nadu,South,2,227415,135210,Net 15,2022-11-27,2023-02-02,766,2.1,44,40,48907690,3,4,4,344,11,Loyal / High Value,279,10531130,1222692.25,175296.3799283154,2932,2019-03-10,2024-11-18,2080,19.05
C0153,Retail,Rental,Patna,Bihar,East,4,32014,27630,Net 30,2017-10-01,2020-08-07,2649,7.3,20,56,84966970,4,5,5,455,14,Champions,383,18179070,1517267.3214285714,221845.87467362924,4158,2019-01-17,2024-12-12,2156,7.67
C0154,Fleet Owner,Logistics,Delhi,Delhi,North,5,305293,279000,Net 15,2018-10-04,2022-04-08,2281,6.2,133,45,58187170,1,5,5,155,11,Loyal / High Value,284,12655390,1293048.2222222222,204884.4014084507,3072,2019-01-29,2024-08-21,2031,7.26
C0155,Fleet Owner,Mining,Kolkata,West Bengal,East,5,393453,245382,Net 30,2015-03-11,2017-03-13,3584,9.8,15,31,32588940,5,2,1,521,8,Potential / Needs Attention,173,7029610,1051256.1290322582,188375.37572254337,1798,2019-11-15,2024-12-17,1859,3.16
C0156,Government,Manufacturing,Chennai,Tamil Nadu,South,5,1032586,173071,Net 15,2022-02-17,2022-10-31,1049,2.9,106,33,52631480,1,2,4,124,7,Potential / Needs Attention,215,11189450,1594893.3333333333,244797.58139534883,2408,2019-01-14,2024-09-17,2073,11.38
C0157,Dealer,Infrastructure,Chandigarh,Punjab,North,1,315705,130064,Advance,2018-03-03,2021-05-01,2496,6.8,2,34,43654580,5,2,3,523,10,Loyal / High Value,214,9300030,1283958.2352941176,203993.36448598132,2346,2019-02-15,2024-12-30,2145,5.0
C0158,Corporate,Infrastructure,Kolkata,West Bengal,East,2,516521,146194,Advance,2019-12-23,2020-09-04,1836,5.0,97,36,46231390,2,3,3,233,8,Potential / Needs Attention,219,10004200,1284205.2777777778,211102.23744292237,2349,2019-03-03,2024-09-26,2034,7.2
C0159,Dealer,Construction,Chennai,Tamil Nadu,South,3,332595,67368,Net 45,2019-10-10,2024-03-05,1910,5.2,6,34,39245590,5,2,2,522,9,Potential / Needs Attention,240,8659110,1154282.0588235294,163523.29166666666,2408,2019-02-02,2024-12-26,2154,6.54
C0160,Retail,Rental,Ahmedabad,Gujarat,West,2,45628,6888,Advance,2022-06-16,2022-09-18,930,2.5,39,44,55534390,3,5,5,355,13,Champions,267,11696570,1262145.2272727273,207993.9700374532,2817,2019-02-19,2024-11-23,2104,17.6
C0161,Dealer,Mining,Ahmedabad,Gujarat,West,4,404774,243701,Net 45,2022-03-19,2023-01-02,1019,2.8,45,37,47774340,3,3,4,334,10,Loyal / High Value,277,10301340,1291198.3783783785,172470.5415162455,2835,2019-03-24,2024-11-17,2065,13.21
C0162,Retail,Mining,Kolkata,West Bengal,East,4,21937,2738,Net 15,2015-04-10,2018-04-04,3554,9.7,79,28,48770920,2,1,4,214,7,Potential / Needs Attention,199,10327250,1741818.5714285714,245080.0,2208,2019-07-05,2024-10-14,1928,2.89
C0163,Dealer,Logistics,Ahmedabad,Gujarat,West,5,492794,476585,Net 45,2019-10-07,2024-02-17,1913,5.2,149,38,36480350,1,4,1,141,6,At Risk / Hibernating,239,8148990,960009.2105263158,152637.44769874477,2482,2019-06-02,2024-08-05,1891,7.31
C0164,Government,Construction,Delhi,Delhi,North,4,1454565,1435105,Net 45,2015-04-14,2015-09-14,3550,9.7,49,36,35851210,3,3,1,331,7,Potential / Needs Attention,196,7872030,995866.9444444445,182914.33673469388,2125,2019-01-11,2024-11-13,2133,3.71
C0165,Fleet Owner,Manufacturing,Delhi,Delhi,North,4,364580,79115,Net 60,2018-09-29,2023-09-24,2286,6.3,8,50,62168180,5,5,5,555,15,Champions,338,13743650,1243363.6,183929.52662721893,3496,2019-02-27,2024-12-24,2127,7.94
C0166,Fleet Owner,Manufacturing,Ahmedabad,Gujarat,West,2,735924,576566,Net 60,2015-10-23,2022-11-09,3358,9.2,24,32,54482720,4,2,5,425,11,Loyal / High Value,245,11811590,1702585.0,222378.44897959183,2613,2019-01-18,2024-12-08,2151,3.48
C0167,Retail,Mining,Vadodara,Gujarat,West,4,34602,32450,Net 30,2018-09-25,2021-05-03,2290,6.3,4,31,39616580,5,2,2,522,9,Potential / Needs Attention,210,8656480,1277954.1935483871,188650.38095238095,2244,2019-01-03,2024-12-28,2186,4.92
C0168,Dealer,Infrastructure,Pune,Maharashtra,West,1,238781,189804,Net 60,2022-12-18,2024-10-28,745,2.0,14,34,50309900,5,2,4,524,11,Loyal / High Value,259,10798550,1479702.9411764706,194246.71814671814,2844,2019-06-02,2024-12-18,2026,17.0
C0169,Fleet Owner,Construction,Ahmedabad,Gujarat,West,4,693290,315019,Net 30,2017-06-15,2017-07-02,2757,7.5,66,40,54509920,2,4,5,245,11,Loyal / High Value,261,11759140,1362748.0,208850.26819923372,2751,2019-03-25,2024-10-27,2043,5.33
C0170,Government,Construction,Bengaluru,Karnataka,South,4,1285103,765704,Net 30,2017-06-15,2017-08-20,2757,7.5,12,27,30542780,5,1,1,511,7,Potential / Needs Attention,169,6545520,1131214.0740740742,180726.50887573964,1743,2019-03-21,2024-12-20,2101,3.6
C0171,Fleet Owner,Construction,Chennai,Tamil Nadu,South,3,687863,7826,Net 15,2018-06-27,2021-03-07,2380,6.5,74,30,43403890,2,1,3,213,6,At Risk / Hibernating,192,9077180,1446796.3333333333,226061.92708333334,2101,2019-04-27,2024-10-19,2002,4.62
C0172,Dealer,Manufacturing,Bengaluru,Karnataka,South,1,425290,197440,Advance,2024-03-10,2024-11-27,297,0.8,35,37,44967390,4,4,3,443,11,Loyal / High Value,211,9621940,1215334.8648648649,213115.59241706162,2312,2019-08-18,2024-11-27,1928,46.25
C0173,Retail,Logistics,Chennai,Tamil Nadu,South,1,22198,3421,Net 30,2019-07-20,2021-06-29,1992,5.5,75,31,45510430,2,2,3,223,7,Potential / Needs Attention,229,9992500,1468078.3870967743,198735.50218340612,2502,2019-03-29,2024-10-18,2030,5.64
C0174,Government,Mining,Ahmedabad,Gujarat,West,2,1316961,123349,Advance,2016-01-11,2022-10-15,3278,9.0,29,29,23386250,4,1,1,411,6,At Risk / Hibernating,152,5194230,806422.4137931034,153856.90789473685,1708,2019-01-11,2024-12-03,2153,3.22
C0175,Fleet Owner,Rental,Kolkata,West Bengal,East,5,222980,209069,Advance,2016-11-01,2020-04-11,2983,8.2,61,36,46583410,2,3,3,233,8,Potential / Needs Attention,203,9960040,1293983.611111111,229474.92610837438,2207,2019-01-24,2024-11-01,2108,4.39
C0176,Dealer,Logistics,Chennai,Tamil Nadu,South,2,397313,332315,Net 15,2018-07-07,2019-01-28,2370,6.5,147,42,52504460,1,5,4,154,10,Loyal / High Value,273,11269080,1250106.1904761905,192324.0293040293,2872,2019-01-14,2024-08-07,2032,6.46
C0177,Dealer,Construction,Pune,Maharashtra,West,1,100097,9054,Net 45,2015-02-17,2024-09-20,3606,9.9,7,28,28125780,5,1,1,511,7,Potential / Needs Attention,192,6259630,1004492.1428571428,146488.4375,2001,2019-04-01,2024-12-25,2095,2.83
C0178,Dealer,Logistics,Kolkata,West Bengal,East,1,178736,135022,Net 60,2015-07-14,2022-02-11,3459,9.5,23,54,70236970,4,5,5,455,14,Champions,362,15338580,1300684.6296296297,194024.77900552485,3693,2019-01-22,2024-12-09,2148,5.68
C0179,Government,Infrastructure,Chennai,Tamil Nadu,South,3,630635,213290,Net 30,2016-09-20,2017-09-12,3025,8.3,164,32,34009700,1,2,1,121,4,Lost / Low Value,226,7503880,1062803.125,150485.3982300885,2305,2019-05-20,2024-07-21,1889,3.86
C0180,Fleet Owner,Logistics,Hyderabad,Telangana,South,3,747590,313557,Net 60,2023-08-09,2024-04-12,511,1.4,22,27,23677460,4,1,1,411,6,At Risk / Hibernating,176,5493130,876942.9629629629,134531.02272727274,1892,2019-01-04,2024-12-10,2167,19.29
C0181,Government,Construction,Vadodara,Gujarat,West,5,766249,475114,Net 30,2019-06-25,2022-12-28,2017,5.5,17,36,41700450,5,3,2,532,10,Loyal / High Value,222,9054280,1158345.8333333333,187839.86486486485,2363,2019-04-13,2024-12-15,2073,6.55
C0182,Dealer,Infrastructure,Kolkata,West Bengal,East,5,298476,237412,Net 45,2024-08-25,2024-10-21,129,0.4,151,29,32105700,1,1,1,111,3,Lost / Low Value,182,7057120,1107093.103448276,176404.94505494504,1956,2019-03-03,2024-08-03,1980,72.5
C0183,Government,Mining,Ahmedabad,Gujarat,West,4,1225772,731224,Net 30,2022-12-11,2023-07-14,752,2.1,27,27,25426200,4,1,1,411,6,At Risk / Hibernating,186,5666390,941711.1111111111,136700.0,1812,2019-02-03,2024-12-05,2132,12.86
C0184,Retail,Rental,Chennai,Tamil Nadu,South,3,47652,2668,Net 15,2023-06-13,2023-11-10,568,1.6,34,29,48287230,4,1,4,414,9,Potential / Needs Attention,224,10165660,1665076.896551724,215567.99107142858,2326,2019-03-12,2024-11-28,2088,18.12
C0185,Dealer,Logistics,Pune,Maharashtra,West,5,210864,117546,Advance,2019-09-23,2023-02-15,1927,5.3,107,33,37319640,1,2,2,122,5,At Risk / Hibernating,206,7990240,1130898.1818181819,181163.3009708738,2052,2019-03-25,2024-09-16,2002,6.23
C0186,Fleet Owner,Infrastructure,Kolkata,West Bengal,East,3,198216,73566,Net 30,2017-05-16,2020-11-12,2787,7.6,21,40,55408900,4,4,5,445,13,Champions,256,11838890,1385222.5,216441.015625,2815,2019-02-17,2024-12-11,2124,5.26
C0187,Retail,Rental,Jaipur,Rajasthan,North,1,42105,40074,Net 60,2019-03-14,2024-01-26,2120,5.8,54,30,36769950,3,1,1,311,5,At Risk / Hibernating,194,7966540,1225665.0,189535.82474226804,1981,2019-05-02,2024-11-08,2017,5.17
C0188,Corporate,Logistics,Pune,Maharashtra,West,4,261082,245715,Net 30,2019-12-26,2021-04-21,1833,5.0,5,39,42691360,5,4,2,542,11,Loyal / High Value,228,9162630,1094650.2564102565,187242.80701754385,2365,2019-03-04,2024-12-27,2125,7.8
C0189,Government,Manufacturing,Visakhapatnam,Andhra Pradesh,South,4,1168432,250217,Net 60,2018-04-20,2023-04-11,2448,6.7,51,35,47996060,3,3,4,334,10,Loyal / High Value,256,10405490,1371316.0,187484.609375,2752,2019-03-03,2024-11-11,2080,5.22
C0190,Retail,Manufacturing,Jaipur,Rajasthan,North,1,49811,31087,Net 60,2018-12-03,2022-10-20,2221,6.1,3,35,44179380,5,3,3,533,11,Loyal / High Value,218,9463260,1262268.0,202657.70642201835,2251,2019-05-15,2024-12-29,2055,5.74
C0191,Corporate,Manufacturing,Visakhapatnam,Andhra Pradesh,South,2,615994,569076,Net 30,2015-02-09,2024-08-01,3614,9.9,20,29,51572860,4,1,4,414,9,Potential / Needs Attention,191,10994000,1778374.4827586208,270014.97382198955,2165,2019-02-03,2024-12-12,2139,2.93
C0192,Fleet Owner,Logistics,Patna,Bihar,East,2,476705,231421,Net 45,2023-09-26,2023-10-30,463,1.3,125,40,54295880,1,4,4,144,9,Potential / Needs Attention,247,11620330,1357397.0,219821.37651821863,2569,2019-01-19,2024-08-29,2049,30.77
C0193,Dealer,Infrastructure,Vadodara,Gujarat,West,4,495310,178591,Advance,2015-11-12,2023-02-18,3338,9.1,32,38,53179600,4,4,4,444,12,Loyal / High Value,244,11486590,1399463.1578947369,217949.18032786885,2665,2019-01-10,2024-11-30,2151,4.18
C0194,Fleet Owner,Construction,Visakhapatnam,Andhra Pradesh,South,1,380469,167449,Net 60,2024-09-25,2024-11-22,98,0.3,6,33,37787710,5,2,2,522,9,Potential / Needs Attention,162,7821470,1145082.121212121,233257.46913580247,1704,2019-04-15,2024-12-26,2082,110.0
C0195,Fleet Owner,Logistics,Kolkata,West Bengal,East,2,389773,149217,Advance,2024-05-03,2024-05-26,243,0.7,4,31,44526020,5,2,3,523,10,Loyal / High Value,198,9506490,1436323.2258064516,224878.88888888888,2094,2019-02-15,2024-12-28,2143,44.29
C0196,Fleet Owner,Rental,Guwahati,Assam,North East,3,318408,222601,Net 60,2021-05-24,2024-03-05,1318,3.6,65,48,55921870,2,5,5,255,12,Loyal / High Value,294,12068750,1165038.9583333333,190210.44217687074,3059,2019-01-09,2024-10-28,2119,13.33
C0197,Government,Manufacturing,Ahmedabad,Gujarat,West,2,1385304,201035,Net 45,2024-06-25,2024-09-24,190,0.5,75,47,60798070,2,5,5,255,12,Loyal / High Value,304,13118570,1293575.9574468085,199993.65131578947,3182,2019-02-22,2024-10-18,2065,94.0
C0198,Government,Mining,Ahmedabad,Gujarat,West,2,1493816,273190,Net 60,2019-02-28,2023-08-17,2134,5.8,153,36,49819290,1,3,4,134,8,Potential / Needs Attention,223,10316880,1383869.1666666667,223404.8878923767,2375,2019-03-27,2024-08-01,1954,6.21
C0199,Government,Mining,Ahmedabad,Gujarat,West,3,666213,506832,Net 45,2023-01-13,2023-04-28,719,2.0,72,33,38456880,2,2,2,222,6,At Risk / Hibernating,205,8461510,1165360.0,187594.53658536586,2206,2019-01-19,2024-10-21,2102,16.5
C0200,Retail,Logistics,Ranchi,Jharkhand,East,2,12816,11546,Net 45,2016-05-04,2020-12-26,3164,8.7,37,47,66268870,4,5,5,455,14,Champions,326,14304930,1409975.9574468085,203278.74233128835,3496,2019-02-09,2024-11-25,2116,5.4
C0201,Dealer,Infrastructure,Chennai,Tamil Nadu,South,4,468119,467851,Net 15,2024-10-23,2024-12-24,70,0.2,19,47,63133600,4,5,5,455,14,Champions,320,13565240,1343268.085106383,197292.5,3326,2019-02-01,2024-12-13,2142,235.0
C0202,Government,Logistics,Chandigarh,Punjab,North,4,1402130,532821,Net 60,2020-05-05,2021-09-23,1702,4.7,102,28,39546540,1,1,2,112,4,Lost / Low Value,209,8463280,1412376.4285714286,189217.8947368421,2183,2019-09-19,2024-09-21,1829,5.96
C0203,Government,Manufacturing,Ahmedabad,Gujarat,West,1,1101577,142383,Net 30,2019-07-25,2024-02-19,1987,5.4,43,35,42161670,3,3,2,332,8,Potential / Needs Attention,218,8991700,1204619.142857143,193402.15596330276,2299,2019-02-25,2024-11-19,2094,6.48
C0204,Retail,Rental,Coimbatore,Tamil Nadu,South,2,20298,7042,Advance,2019-10-21,2022-01-04,1899,5.2,24,31,31359900,4,2,1,421,7,Potential / Needs Attention,181,6842480,1011609.6774193548,173259.11602209945,1913,2019-05-20,2024-12-08,2029,5.96
C0205,Retail,Construction,Lucknow,Uttar Pradesh,North,2,45755,34257,Net 30,2021-01-08,2023-07-21,1454,4.0,47,33,40742250,3,2,2,322,7,Potential / Needs Attention,189,8958730,1234613.6363636365,215567.46031746033,2020,2019-02-07,2024-11-15,2108,8.25
C0206,Retail,Construction,Pune,Maharashtra,West,3,29675,24913,Advance,2021-03-08,2023-11-15,1395,3.8,21,40,70279540,4,4,5,445,13,Champions,297,14835930,1756988.5,236631.4478114478,3255,2019-01-08,2024-12-11,2164,10.53
C0207,Corporate,Rental,Kolkata,West Bengal,East,1,463240,70498,Net 30,2020-12-23,2022-11-12,1470,4.0,80,45,68312200,2,5,5,255,12,Loyal / High Value,316,14391240,1518048.888888889,216177.84810126582,3149,2019-02-10,2024-10-13,2072,11.25
C0208,Fleet Owner,Logistics,Jaipur,Rajasthan,North,4,737567,537907,Net 45,2015-02-26,2016-12-20,3597,9.8,2,30,36866060,5,1,1,511,7,Potential / Needs Attention,194,8079850,1228868.6666666667,190031.23711340205,2086,2019-01-20,2024-12-30,2171,3.06
C0209,Corporate,Infrastructure,Ranchi,Jharkhand,East,5,834417,590973,Advance,2021-08-07,2022-01-17,1243,3.4,40,44,51373630,3,5,4,354,12,Loyal / High Value,273,11038570,1167582.5,188181.79487179487,2910,2019-10-18,2024-11-22,1862,12.94
C0210,Retail,Infrastructure,Pune,Maharashtra,West,2,11789,1490,Net 45,2016-09-28,2017-09-13,3017,8.3,36,30,41928210,4,1,2,412,7,Potential / Needs Attention,204,8944630,1397607.0,205530.4411764706,2036,2019-02-20,2024-11-26,2106,3.61
C0211,Fleet Owner,Manufacturing,Hyderabad,Telangana,South,1,323531,251580,Net 15,2016-04-18,2021-03-20,3180,8.7,42,42,46705690,3,5,3,353,11,Loyal / High Value,293,10287810,1112040.238095238,159405.0853242321,3126,2019-03-06,2024-11-20,2086,4.83
C0212,Retail,Infrastructure,Guwahati,Assam,North East,4,24433,23440,Net 15,2024-11-17,2024-12-11,45,0.1,131,31,35519950,1,2,1,121,4,Lost / Low Value,176,7577600,1145804.8387096773,201817.89772727274,1825,2019-02-01,2024-08-23,2030,310.0
C0213,Fleet Owner,Rental,Mumbai,Maharashtra,West,4,192184,161419,Net 15,2020-03-05,2022-01-17,1763,4.8,123,30,51921070,1,1,4,114,6,At Risk / Hibernating,202,10886200,1730702.3333333333,257035.0,2213,2019-02-26,2024-08-31,2013,6.25
C0214,Corporate,Rental,Pune,Maharashtra,West,4,583212,447435,Net 45,2022-05-20,2023-08-02,957,2.6,6,31,39709250,5,2,2,522,9,Potential / Needs Attention,209,8697490,1280943.5483870967,189996.41148325359,2180,2019-01-12,2024-12-26,2175,11.92
C0215,Corporate,Rental,Chennai,Tamil Nadu,South,5,647280,121034,Net 15,2017-02-23,2018-04-21,2869,7.9,8,49,58120530,5,5,5,555,15,Champions,362,12800320,1186133.2653061224,160553.9502762431,3690,2019-02-28,2024-12-24,2126,6.2
C0216,Government,Mining,Kolkata,West Bengal,East,1,1360073,1039649,Advance,2023-01-18,2024-11-25,714,2.0,42,39,48655520,3,4,4,344,11,Loyal / High Value,253,10548750,1247577.435897436,192314.30830039526,2494,2019-01-27,2024-11-20,2124,19.5
C0217,Corporate,Infrastructure,Delhi,Delhi,North,5,777454,325192,Net 60,2020-07-30,2022-12-08,1616,4.4,14,36,48179740,5,3,4,534,12,Loyal / High Value,209,10050040,1338326.111111111,230525.07177033494,2339,2019-01-19,2024-12-18,2160,8.18
C0218,Fleet Owner,Construction,Nagpur,Maharashtra,West,5,635931,456436,Advance,2018-12-15,2020-02-19,2209,6.0,77,36,34801450,2,3,1,231,6,At Risk / Hibernating,213,7805580,966706.9444444445,163387.08920187794,2187,2019-02-02,2024-10-16,2083,6.0
C0219,Government,Manufacturing,Pune,Maharashtra,West,2,1072558,185057,Net 60,2024-09-26,2024-12-25,97,0.3,11,39,47075000,5,4,3,543,12,Loyal / High Value,236,10138940,1207051.282051282,199470.33898305084,2604,2019-01-09,2024-12-21,2173,130.0
C0220,Government,Infrastructure,Indore,Madhya Pradesh,Central,2,1116238,93524,Net 60,2016-03-22,2016-04-23,3207,8.8,56,43,41988750,3,5,2,352,10,Loyal / High Value,251,9094610,976482.5581395349,167285.85657370518,2604,2019-01-19,2024-11-06,2118,4.89
C0221,Dealer,Logistics,Delhi,Delhi,North,5,244567,24830,Net 45,2020-01-02,2023-10-13,1826,5.0,118,44,64336800,1,5,5,155,11,Loyal / High Value,291,13520750,1462200.0,221088.65979381444,2968,2019-01-17,2024-09-05,2058,8.8
C0222,Fleet Owner,Logistics,Delhi,Delhi,North,5,501339,373637,Net 30,2024-01-01,2024-07-31,366,1.0,19,41,44904020,4,4,3,443,11,Loyal / High Value,243,9730420,1095220.0,184790.20576131687,2558,2019-01-30,2024-12-13,2144,41.0
C0223,Corporate,Logistics,Ahmedabad,Gujarat,West,1,681810,584759,Advance,2021-07-23,2022-10-05,1258,3.4,78,33,42492870,2,2,2,222,6,At Risk / Hibernating,221,8991250,1287662.7272727273,192275.42986425338,2385,2019-03-01,2024-10-15,2055,9.71
C0224,Retail,Manufacturing,Kolkata,West Bengal,East,3,11280,3718,Net 60,2019-04-20,2022-01-21,2083,5.7,62,36,42395680,2,3,2,232,7,Potential / Needs Attention,212,9161830,1177657.7777777778,199979.62264150943,2307,2019-01-30,2024-10-31,2101,6.32
C0225,Fleet Owner,Logistics,Delhi,Delhi,North,5,431855,283635,Advance,2018-12-04,2020-11-25,2220,6.1,168,48,54324600,1,5,5,155,11,Loyal / High Value,261,11491360,1131762.5,208140.22988505746,2791,2019-03-17,2024-07-17,1949,7.87
C0226,Dealer,Logistics,Ahmedabad,Gujarat,West,5,400547,150512,Net 30,2024-10-18,2024-11-22,75,0.2,95,26,36902950,2,1,1,211,4,Lost / Low Value,194,8048850,1419344.2307692308,190221.39175257733,2065,2019-01-22,2024-09-28,2076,130.0
C0227,Fleet Owner,Infrastructure,Kolkata,West Bengal,East,1,282190,210075,Advance,2019-12-10,2023-11-10,1849,5.1,69,34,45457070,2,2,3,223,7,Potential / Needs Attention,215,9751910,1336972.6470588236,211428.23255813954,2172,2019-02-13,2024-10-24,2080,6.67
C0228,Government,Construction,Chennai,Tamil Nadu,South,3,1026411,1025544,Net 30,2015-08-11,2024-03-08,3431,9.4,113,34,47933580,1,3,4,134,8,Potential / Needs Attention,206,10274460,1409811.1764705882,232687.28155339806,2234,2019-03-27,2024-09-10,1994,3.62
C0229,Government,Mining,Patna,Bihar,East,3,543686,47129,Net 45,2015-01-18,2024-05-17,3636,10.0,33,28,34806810,4,1,1,411,6,At Risk / Hibernating,157,7319330,1243100.357142857,221699.42675159237,1589,2019-05-15,2024-11-29,2025,2.8
C0230,Dealer,Infrastructure,Delhi,Delhi,North,5,271689,146416,Net 15,2018-10-14,2024-03-30,2271,6.2,62,38,48757760,2,4,4,244,10,Loyal / High Value,289,10612670,1283098.9473684211,168711.9723183391,2971,2019-02-19,2024-10-31,2081,6.13
C0231,Government,Infrastructure,Pune,Maharashtra,West,4,903218,113383,Net 15,2023-11-27,2024-01-06,401,1.1,54,32,40582530,3,2,2,322,7,Potential / Needs Attention,236,8794240,1268204.0625,171959.87288135593,2430,2019-02-21,2024-11-08,2087,29.09
C0232,Government,Mining,Chennai,Tamil Nadu,South,1,1074153,787541,Advance,2022-10-30,2023-05-05,794,2.2,3,37,45159600,5,4,3,543,12,Loyal / High Value,239,9851850,1220529.7297297297,188952.30125523012,2545,2019-01-24,2024-12-29,2166,16.82
C0233,Government,Logistics,Kolkata,West Bengal,East,3,1146772,306186,Net 45,2023-11-15,2024-04-22,413,1.1,72,28,39173800,2,1,2,212,5,At Risk / Hibernating,191,8420290,1399064.2857142857,205098.42931937173,2106,2019-05-29,2024-10-21,1972,25.45
C0234,Corporate,Infrastructure,Surat,Gujarat,West,2,418214,52828,Net 15,2016-06-26,2020-03-07,3111,8.5,6,29,56717930,5,1,5,515,11,Loyal / High Value,220,12001150,1955790.6896551724,257808.77272727274,2492,2019-01-09,2024-12-26,2178,3.41
C0235,Fleet Owner,Mining,Bhubaneswar,Odisha,East,5,417861,387266,Net 30,2018-01-05,2019-08-30,2553,7.0,113,38,47454230,1,4,3,143,8,Potential / Needs Attention,253,10316200,1248795.5263157894,187566.12648221344,2602,2019-05-08,2024-09-10,1952,5.43
C0236,Corporate,Mining,Mumbai,Maharashtra,West,1,413027,200865,Net 15,2015-06-24,2020-05-27,3479,9.5,68,41,45446800,2,4,3,243,9,Potential / Needs Attention,225,9739460,1108458.536585366,201985.77777777778,2323,2019-03-21,2024-10-25,2045,4.32
C0237,Dealer,Infrastructure,Coimbatore,Tamil Nadu,South,5,488722,178656,Advance,2015-05-15,2021-05-10,3519,9.6,78,44,58676380,2,5,5,255,12,Loyal / High Value,258,12293130,1333554.0909090908,227427.82945736434,2630,2019-01-28,2024-10-15,2087,4.58
C0238,Corporate,Construction,Chennai,Tamil Nadu,South,5,299342,40569,Net 15,2020-10-12,2024-12-22,1542,4.2,282,30,28891440,1,1,1,111,3,Lost / Low Value,188,6427500,963048.0,153677.87234042553,1858,2019-01-22,2024-03-25,1889,7.14
C0239,Government,Logistics,Chennai,Tamil Nadu,South,4,1361502,566279,Net 60,2023-05-22,2023-08-23,590,1.6,66,32,35255050,2,2,1,221,5,At Risk / Hibernating,186,7550060,1101720.3125,189543.27956989247,1858,2019-10-11,2024-10-27,1843,20.0
C0240,Corporate,Manufacturing,Hyderabad,Telangana,South,1,695741,453727,Net 30,2020-02-21,2024-12-07,1776,4.9,52,46,72778580,3,5,5,355,13,Champions,328,15541470,1582143.043478261,221885.91463414635,3430,2019-02-19,2024-11-10,2091,9.39
C0241,Government,Construction,Ahmedabad,Gujarat,West,1,973243,304765,Net 60,2015-12-23,2021-10-25,3297,9.0,62,39,57604400,2,4,5,245,11,Loyal / High Value,267,12448950,1477035.8974358975,215746.81647940076,2954,2019-02-01,2024-10-31,2099,4.33
C0242,Government,Construction,Chennai,Tamil Nadu,South,3,568255,46526,Advance,2018-07-14,2021-05-04,2363,6.5,44,47,57416320,3,5,5,355,13,Champions,280,12308170,1221623.829787234,205058.2857142857,2958,2019-01-30,2024-11-18,2119,7.23
C0243,Government,Construction,Delhi,Delhi,North,3,1271592,1157997,Net 60,2015-05-28,2023-09-03,3506,9.6,22,28,33315370,4,1,1,411,6,At Risk / Hibernating,203,7281590,1189834.642857143,164115.12315270936,2049,2019-11-20,2024-12-10,1847,2.92
C0244,Government,Logistics,Lucknow,Uttar Pradesh,North,3,1113022,736516,Net 60,2023-10-29,2024-09-05,430,1.2,23,44,60886580,4,5,5,455,14,Champions,280,13028500,1383785.9090909092,217452.07142857142,2958,2019-05-06,2024-12-09,2044,36.67
C0245,Dealer,Logistics,Chennai,Tamil Nadu,South,2,204820,16669,Advance,2022-01-18,2022-09-28,1079,3.0,32,33,44342070,4,2,3,423,9,Potential / Needs Attention,224,9515410,1343699.0909090908,197955.66964285713,2268,2019-01-01,2024-11-30,2160,11.0
C0246,Retail,Manufacturing,Delhi,Delhi,North,2,31917,9359,Net 30,2024-06-29,2024-10-18,186,0.5,60,35,60399770,2,3,5,235,10,Loyal / High Value,235,12687300,1725707.7142857143,257020.29787234042,2469,2019-01-26,2024-11-02,2107,70.0
C0247,Corporate,Logistics,Bhubaneswar,Odisha,East,2,294502,230829,Net 45,2016-09-28,2022-08-17,3017,8.3,49,39,53174220,3,4,4,344,11,Loyal / High Value,266,11491340,1363441.5384615385,199903.08270676693,2862,2019-02-14,2024-11-13,2099,4.7
C0248,Fleet Owner,Rental,Pune,Maharashtra,West,5,635210,15754,Net 30,2022-07-27,2023-06-02,889,2.4,28,30,35510400,4,1,1,411,6,At Risk / Hibernating,169,7685560,1183680.0,210120.7100591716,1809,2019-01-10,2024-12-04,2155,12.5
C0249,Corporate,Construction,Ahmedabad,Gujarat,West,4,817572,617949,Net 45,2016-05-18,2016-06-10,3150,8.6,120,35,49712310,1,3,4,134,8,Potential / Needs Attention,222,10577190,1420351.7142857143,223929.32432432432,2439,2019-01-16,2024-09-03,2057,4.07
C0250,Government,Infrastructure,Patna,Bihar,East,2,886619,515833,Advance,2024-07-27,2024-10-18,158,0.4,12,43,58330380,5,5,5,555,15,Champions,295,12605470,1356520.465116279,197730.10169491524,3065,2019-03-08,2024-12-20,2114,107.5
C0251,Dealer,Mining,Chandigarh,Punjab,North,4,325375,94574,Advance,2016-06-05,2024-04-13,3132,8.6,179,36,47504560,1,3,3,133,7,Potential / Needs Attention,215,10211500,1319571.111111111,220951.44186046513,2253,2019-01-09,2024-07-06,2005,4.19
C0252,Retail,Construction,Chennai,Tamil Nadu,South,2,19663,14945,Net 45,2024-02-01,2024-09-13,335,0.9,86,34,35584220,2,3,1,231,6,At Risk / Hibernating,211,7750380,1046594.7058823529,168645.59241706162,2068,2019-08-03,2024-10-07,1892,37.78
C0253,Retail,Rental,Pune,Maharashtra,West,2,43197,9387,Net 60,2020-07-18,2021-05-19,1628,4.5,35,39,57279120,4,4,5,445,13,Champions,300,12416720,1468695.3846153845,190930.4,3074,2019-03-28,2024-11-27,2071,8.67
C0254,Dealer,Mining,Ahmedabad,Gujarat,West,5,194781,184262,Advance,2018-08-27,2023-06-14,2319,6.3,98,48,70227620,2,5,5,255,12,Loyal / High Value,304,14988090,1463075.4166666667,231011.90789473685,3425,2019-07-01,2024-09-25,1913,7.62
C0255,Retail,Infrastructure,Chennai,Tamil Nadu,South,4,22302,1943,Net 15,2023-06-16,2024-08-27,565,1.5,51,45,55876690,3,5,5,355,13,Champions,312,12288870,1241704.2222222222,179091.95512820513,3237,2019-01-05,2024-11-11,2137,30.0
C0256,Corporate,Infrastructure,Guwahati,Assam,North East,4,930018,60762,Net 45,2023-09-18,2024-04-06,471,1.3,104,30,46110780,1,1,3,113,5,At Risk / Hibernating,226,9922620,1537026.0,204030.0,2389,2019-01-03,2024-09-19,2086,23.08
C0257,Corporate,Logistics,Delhi,Delhi,North,1,443957,112531,Net 45,2019-05-15,2024-10-27,2058,5.6,9,43,59812600,5,5,5,555,15,Champions,298,12971470,1390990.6976744186,200713.42281879194,3264,2019-01-18,2024-12-23,2166,7.68
C0258,Corporate,Mining,Chennai,Tamil Nadu,South,2,299133,238697,Net 60,2023-02-12,2024-12-08,689,1.9,83,28,48830880,2,1,4,214,7,Potential / Needs Attention,215,10528720,1743960.0,227120.37209302327,2296,2019-02-04,2024-10-10,2075,14.74
C0259,Fleet Owner,Logistics,Coimbatore,Tamil Nadu,South,1,326836,313932,Net 15,2018-05-11,2021-08-25,2427,6.6,19,33,47259670,4,2,3,423,9,Potential / Needs Attention,230,10184200,1432111.2121212122,205476.8260869565,2294,2019-02-02,2024-12-13,2141,5.0
C0260,Dealer,Logistics,Hyderabad,Telangana,South,5,127019,19787,Net 45,2018-11-22,2020-03-07,2232,6.1,118,32,43590270,1,2,3,123,6,At Risk / Hibernating,237,9322200,1362195.9375,183925.18987341772,2342,2019-08-24,2024-09-05,1839,5.25
C0261,Dealer,Manufacturing,Delhi,Delhi,North,5,164597,79881,Advance,2016-03-14,2022-01-24,3215,8.8,26,33,49449470,4,2,4,424,10,Loyal / High Value,249,10602020,1498468.7878787878,198592.24899598394,2553,2019-05-06,2024-12-06,2041,3.75
C0262,Corporate,Logistics,Delhi,Delhi,North,4,476523,424625,Net 15,2018-10-04,2024-11-07,2281,6.2,28,26,28771050,4,1,1,411,6,At Risk / Hibernating,151,6411250,1106578.8461538462,190536.7549668874,1739,2019-02-26,2024-12-04,2108,4.19
C0263,Government,Rental,Chennai,Tamil Nadu,South,3,907695,500438,Net 60,2021-05-09,2022-01-26,1333,3.6,61,35,48351480,2,3,4,234,9,Potential / Needs Attention,236,10346400,1381470.857142857,204879.15254237287,2552,2019-03-06,2024-11-01,2067,9.72
C0264,Retail,Infrastructure,Pune,Maharashtra,West,4,35955,35640,Net 60,2023-12-16,2024-10-19,382,1.0,60,36,52753710,2,3,4,234,9,Potential / Needs Attention,229,11193250,1465380.8333333333,230365.54585152838,2396,2019-01-02,2024-11-02,2131,36.0
C0265,Retail,Mining,Ahmedabad,Gujarat,West,1,18495,6434,Advance,2023-02-10,2023-09-20,691,1.9,96,29,37594220,2,1,2,212,5,At Risk / Hibernating,186,8090070,1296352.4137931035,202119.4623655914,1958,2019-02-19,2024-09-27,2047,15.26
C0266,Fleet Owner,Rental,Bengaluru,Karnataka,South,4,196336,54211,Advance,2020-02-07,2023-12-07,1790,4.9,99,35,39797800,1,3,2,132,6,At Risk / Hibernating,225,8590260,1137080.0,176879.11111111112,2425,2019-01-22,2024-09-24,2072,7.14
C0267,Fleet Owner,Infrastructure,Hyderabad,Telangana,South,3,253236,64982,Net 60,2022-02-15,2024-11-19,1051,2.9,282,29,36465390,1,1,1,111,3,Lost / Low Value,185,7997710,1257427.2413793104,197110.2162162162,2008,2019-03-07,2024-03-25,1845,10.0
C0268,Government,Mining,Pune,Maharashtra,West,3,1168032,365651,Net 60,2021-05-09,2024-12-17,1333,3.6,86,32,49962270,2,2,4,224,8,Potential / Needs Attention,230,10668400,1561320.9375,217227.26086956522,2405,2019-01-21,2024-10-07,2086,8.89
C0269,Government,Mining,Chennai,Tamil Nadu,South,1,1060345,618,Net 15,2015-07-06,2022-01-13,3467,9.5,40,41,48367030,3,4,4,344,11,Loyal / High Value,279,10630730,1179683.6585365853,173358.53046594982,2864,2019-01-12,2024-11-22,2141,4.32
C0270,Corporate,Manufacturing,Delhi,Delhi,North,2,711134,413227,Net 30,2015-07-25,2022-07-05,3448,9.4,12,43,53374960,5,5,4,554,14,Champions,275,11395380,1241278.1395348837,194090.76363636364,2811,2019-03-27,2024-12-20,2095,4.57
C0271,Corporate,Infrastructure,Hyderabad,Telangana,South,5,399363,217846,Net 30,2022-01-16,2024-08-23,1081,3.0,36,24,29644660,4,1,1,411,6,At Risk / Hibernating,159,6481200,1235194.1666666667,186444.40251572328,1675,2019-06-05,2024-11-26,2001,8.0
C0272,Government,Construction,Delhi,Delhi,North,1,963398,856171,Net 45,2024-10-24,2024-11-29,69,0.2,19,39,59253070,4,4,5,445,13,Champions,270,12429300,1519309.4871794872,219455.8148148148,2889,2019-09-01,2024-12-13,1930,195.0
C0273,Dealer,Manufacturing,Kolkata,West Bengal,East,1,181148,167313,Advance,2022-10-08,2024-04-06,816,2.2,1,37,47764950,5,4,4,544,13,Champions,249,10181140,1290944.5945945946,191827.10843373495,2548,2019-05-04,2024-12-31,2068,16.82
C0274,Dealer,Mining,Jaipur,Rajasthan,North,3,463140,127143,Net 60,2021-05-17,2022-12-04,1325,3.6,188,39,42946740,1,4,3,143,8,Potential / Needs Attention,237,9102870,1101198.4615384615,181209.8734177215,2395,2019-01-08,2024-06-27,1997,10.83
C0275,Fleet Owner,Construction,Vadodara,Gujarat,West,5,651275,262408,Net 15,2022-10-29,2022-12-10,795,2.2,56,45,50445750,3,5,4,354,12,Loyal / High Value,259,10920600,1121016.6666666667,194771.23552123553,2734,2019-06-17,2024-11-06,1969,20.45
C0276,Dealer,Manufacturing,Indore,Madhya Pradesh,Central,3,337657,283507,Net 45,2024-03-11,2024-09-30,296,0.8,3,44,52803770,5,5,4,554,14,Champions,279,11423770,1200085.6818181819,189260.82437275985,2840,2019-01-08,2024-12-29,2182,55.0
C0277,Dealer,Logistics,Surat,Gujarat,West,1,430878,302093,Net 60,2017-04-25,2021-02-04,2808,7.7,109,36,34361720,1,3,1,131,5,At Risk / Hibernating,213,7525330,954492.2222222222,161322.62910798122,2195,2019-05-28,2024-09-14,1936,4.68
C0278,Fleet Owner,Logistics,Ahmedabad,Gujarat,West,4,312177,50733,Net 45,2019-11-25,2024-03-10,1864,5.1,29,38,37042540,4,4,2,442,10,Loyal / High Value,257,8249210,974803.6842105263,144134.39688715953,2662,2019-08-12,2024-12-03,1940,7.45
C0279,Dealer,Rental,Nagpur,Maharashtra,West,4,105022,100986,Advance,2019-06-26,2019-09-05,2016,5.5,50,26,27795350,3,1,1,311,5,At Risk / Hibernating,194,6166960,1069051.923076923,143275.0,1973,2019-05-12,2024-11-12,2011,4.73
C0280,Corporate,Construction,Pune,Maharashtra,West,4,252022,26117,Advance,2015-03-25,2022-04-21,3570,9.8,57,42,46383310,3,5,3,353,11,Loyal / High Value,276,10103050,1104364.5238095238,168055.47101449277,2692,2019-01-12,2024-11-05,2124,4.29
C0281,Government,Logistics,Visakhapatnam,Andhra Pradesh,South,4,1088567,176124,Net 60,2023-11-15,2024-08-06,413,1.1,190,26,36333020,1,1,1,111,3,Lost / Low Value,173,7831770,1397423.8461538462,210017.45664739885,1849,2019-07-26,2024-06-25,1796,23.64
C0282,Government,Logistics,Kolkata,West Bengal,East,2,1271863,328689,Advance,2021-01-25,2023-01-07,1437,3.9,8,44,54475470,5,5,5,555,15,Champions,301,11875500,1238078.8636363635,180981.62790697673,3200,2019-01-17,2024-12-24,2168,11.28
C0283,Retail,Logistics,Jaipur,Rajasthan,North,1,11744,10481,Net 30,2021-01-29,2023-03-05,1433,3.9,119,31,34916310,1,2,1,121,4,Lost / Low Value,192,7548330,1126332.5806451612,181855.78125,2069,2019-04-14,2024-09-04,1970,7.95
C0284,Corporate,Manufacturing,Kolkata,West Bengal,East,1,948858,247207,Net 60,2018-05-25,2021-06-15,2413,6.6,9,41,54612880,5,4,5,545,14,Champions,293,11722550,1332021.463414634,186392.0819112628,3035,2019-01-09,2024-12-23,2175,6.21
C0285,Government,Infrastructure,Pune,Maharashtra,West,4,1359546,764093,Net 15,2015-03-03,2018-10-22,3592,9.8,27,47,42474460,4,5,2,452,11,Loyal / High Value,269,9415200,903711.914893617,157897.62081784385,2728,2019-02-11,2024-12-05,2124,4.8
C0286,Dealer,Construction,Chennai,Tamil Nadu,South,2,168144,158029,Net 30,2019-08-31,2022-08-19,1950,5.3,3,36,47333390,5,3,3,533,11,Loyal / High Value,238,10438750,1314816.388888889,198879.7899159664,2640,2019-01-06,2024-12-29,2184,6.79
C0287,Dealer,Manufacturing,Chennai,Tamil Nadu,South,4,208477,196469,Net 60,2018-12-09,2023-07-15,2215,6.1,35,36,43261120,4,3,3,433,10,Loyal / High Value,227,9340740,1201697.7777777778,190577.62114537446,2332,2019-03-22,2024-11-27,2077,5.9
C0288,Dealer,Infrastructure,Delhi,Delhi,North,3,279745,19656,Net 30,2017-02-11,2024-06-20,2881,7.9,75,55,76291160,2,5,5,255,12,Loyal / High Value,397,16224220,1387112.0,192169.16876574306,4116,2019-02-21,2024-10-18,2066,6.96
C0289,Corporate,Logistics,Hyderabad,Telangana,South,2,600072,472573,Net 15,2024-09-24,2024-11-15,99,0.3,64,35,39396940,2,3,2,232,7,Potential / Needs Attention,214,8687130,1125626.857142857,184097.8504672897,2220,2019-02-07,2024-10-29,2091,116.67
C0290,Corporate,Construction,Ahmedabad,Gujarat,West,3,506218,233450,Advance,2020-12-06,2021-05-31,1487,4.1,47,40,45014240,3,4,3,343,10,Loyal / High Value,237,9702710,1125356.0,189933.50210970466,2504,2019-03-04,2024-11-15,2083,9.76
C0291,Retail,Construction,Hyderabad,Telangana,South,2,34183,21689,Advance,2020-04-30,2021-03-30,1707,4.7,29,46,61983900,4,5,5,455,14,Champions,294,13303630,1347476.0869565217,210829.5918367347,2969,2019-03-13,2024-12-03,2092,9.79
C0292,Corporate,Rental,Indore,Madhya Pradesh,Central,2,627266,572987,Net 15,2024-05-23,2024-06-24,223,0.6,248,27,24356960,1,1,1,111,3,Lost / Low Value,163,5272750,902109.6296296297,149429.20245398773,1511,2019-01-11,2024-04-28,1934,45.0
C0293,Dealer,Logistics,Pune,Maharashtra,West,3,304956,217813,Net 30,2021-06-02,2023-03-09,1309,3.6,98,36,52424230,2,3,4,234,9,Potential / Needs Attention,258,11286510,1456228.611111111,203194.6899224806,2816,2019-01-19,2024-09-25,2076,10.0
C0294,Government,Infrastructure,Hyderabad,Telangana,South,4,826435,405286,Net 45,2018-10-22,2020-05-18,2263,6.2,5,45,62587650,5,5,5,555,15,Champions,338,13789890,1390836.6666666667,185170.5621301775,3654,2019-03-26,2024-12-27,2103,7.26
C0295,Corporate,Mining,Kolkata,West Bengal,East,5,789992,559779,Net 45,2015-11-02,2020-06-26,3348,9.2,84,38,51330170,2,4,4,244,10,Loyal / High Value,262,10836080,1350793.9473684211,195916.67938931298,2729,2019-03-07,2024-10-09,2043,4.13
C0296,Corporate,Manufacturing,Kolkata,West Bengal,East,2,361733,33627,Net 60,2018-09-16,2022-03-25,2299,6.3,55,40,44706560,3,4,3,343,10,Loyal / High Value,257,9505810,1117664.0,173955.48638132296,2558,2019-01-02,2024-11-07,2136,6.35
C0297,Fleet Owner,Rental,Chennai,Tamil Nadu,South,3,333899,295884,Net 15,2019-09-07,2024-01-07,1943,5.3,184,34,57279920,1,3,5,135,9,Potential / Needs Attention,257,12378870,1684703.5294117648,222879.06614785994,2775,2019-02-13,2024-07-01,1965,6.42
C0298,Fleet Owner,Construction,Chennai,Tamil Nadu,South,4,229813,62180,Advance,2021-04-18,2024-02-08,1354,3.7,42,33,36725200,3,2,1,321,6,At Risk / Hibernating,220,7990190,1112884.8484848484,166932.72727272726,2167,2019-01-05,2024-11-20,2146,8.92
C0299,Retail,Logistics,Bengaluru,Karnataka,South,1,36717,4107,Advance,2015-10-31,2016-05-05,3350,9.2,124,34,37822560,1,3,2,132,6,At Risk / Hibernating,206,8311020,1112428.2352941176,183604.66019417476,2351,2019-01-24,2024-08-30,2045,3.7
C0300,Dealer,Mining,Delhi,Delhi,North,1,121112,70050,Net 15,2017-11-22,2023-11-13,2597,7.1,44,40,57051500,3,4,5,345,12,Loyal / High Value,264,12301390,1426287.5,216104.16666666666,2801,2019-05-05,2024-11-18,2024,5.63
C0301,Dealer,Mining,Ranchi,Jharkhand,East,5,388632,1511,Advance,2023-08-11,2024-09-27,509,1.4,13,46,50074420,5,5,4,554,14,Champions,244,10842290,1088574.347826087,205223.03278688525,2547,2019-01-13,2024-12-19,2167,32.86
C0302,Fleet Owner,Mining,Ahmedabad,Gujarat,West,1,698314,539240,Net 15,2024-07-26,2024-08-10,159,0.4,8,36,49894150,5,3,4,534,12,Loyal / High Value,230,10653910,1385948.611111111,216931.08695652173,2506,2019-02-05,2024-12-24,2149,90.0
C0303,Corporate,Mining,Ahmedabad,Gujarat,West,3,323564,38655,Net 45,2016-05-12,2019-03-09,3156,8.6,31,27,25492220,4,1,1,411,6,At Risk / Hibernating,163,5600320,944156.2962962963,156393.98773006134,1711,2019-04-05,2024-12-01,2067,3.14
C0304,Dealer,Construction,Delhi,Delhi,North,5,177177,155235,Net 60,2015-05-13,2022-01-31,3521,9.6,7,48,67903880,5,5,5,555,15,Champions,324,14554690,1414664.1666666667,209579.8765432099,3566,2019-01-26,2024-12-25,2160,5.0
C0305,Fleet Owner,Logistics,Delhi,Delhi,North,3,702965,105968,Net 15,2017-05-14,2022-08-09,2789,7.6,35,31,37914410,4,2,2,422,8,Potential / Needs Attention,185,8146150,1223045.4838709678,204942.75675675675,1844,2019-05-16,2024-11-27,2022,4.08
C0306,Fleet Owner,Manufacturing,Kolkata,West Bengal,East,1,126541,117140,Net 30,2022-10-11,2024-04-24,813,2.2,16,42,54784400,5,5,5,555,15,Champions,261,11430620,1304390.4761904762,209901.91570881227,2649,2019-07-19,2024-12-16,1977,19.09
C0307,Dealer,Manufacturing,Ahmedabad,Gujarat,West,1,302503,100600,Net 15,2018-03-10,2020-09-25,2489,6.8,38,42,57776220,3,5,5,355,13,Champions,285,12604210,1375624.2857142857,202723.57894736843,2971,2019-01-15,2024-11-24,2140,6.18
C0308,Retail,Mining,Delhi,Delhi,North,3,23387,13502,Net 60,2021-05-28,2024-08-13,1314,3.6,20,33,39549470,4,2,2,422,8,Potential / Needs Attention,210,8569350,1198468.7878787878,188330.80952380953,2159,2019-02-19,2024-12-12,2123,9.17
C0309,Government,Manufacturing,Ahmedabad,Gujarat,West,4,618080,43088,Net 45,2017-10-12,2020-11-18,2638,7.2,15,31,29869120,5,2,1,521,8,Potential / Needs Attention,185,6468240,963520.0,161454.7027027027,1823,2019-03-04,2024-12-17,2115,4.31
C0310,Government,Infrastructure,Patna,Bihar,East,4,735405,630621,Net 30,2021-11-23,2024-12-09,1135,3.1,55,39,46376420,3,4,3,343,10,Loyal / High Value,278,10208210,1189138.9743589743,166821.654676259,2817,2019-05-30,2024-11-07,1988,12.58
C0311,Government,Infrastructure,Chandigarh,Punjab,North,4,1148922,76276,Net 45,2017-11-07,2022-11-16,2612,7.2,106,41,54370990,1,5,5,155,11,Loyal / High Value,268,11628050,1326121.7073170731,202876.82835820896,2780,2019-02-03,2024-09-17,2053,5.69
C0312,Government,Construction,Vadodara,Gujarat,West,4,673691,616166,Net 45,2023-10-19,2024-09-02,440,1.2,45,37,51311620,3,4,4,344,11,Loyal / High Value,253,11057950,1386800.5405405406,202812.72727272726,2689,2019-04-16,2024-11-17,2042,30.83
C0313,Corporate,Mining,Ahmedabad,Gujarat,West,1,821603,658403,Net 60,2017-08-06,2024-12-06,2705,7.4,121,30,37841680,1,1,2,112,4,Lost / Low Value,187,8290380,1261389.3333333333,202361.92513368983,1963,2019-05-28,2024-09-02,1924,4.05
C0314,Retail,Logistics,Kolkata,West Bengal,East,1,10952,8769,Net 15,2018-12-20,2021-12-18,2204,6.0,97,36,46037410,2,3,3,233,8,Potential / Needs Attention,218,9940560,1278816.9444444445,211180.77981651376,2236,2019-01-22,2024-09-26,2074,6.0
C0315,Dealer,Rental,Surat,Gujarat,West,4,407774,313009,Net 45,2023-06-30,2023-09-23,551,1.5,15,40,48208830,5,4,4,544,13,Champions,268,10691300,1205220.75,179883.69402985074,2744,2019-01-09,2024-12-17,2169,26.67
C0316,Dealer,Manufacturing,Kolkata,West Bengal,East,4,254996,128290,Net 45,2024-09-06,2024-12-07,117,0.3,101,33,35655050,1,2,1,121,4,Lost / Low Value,195,7821970,1080456.0606060605,182846.41025641025,1948,2019-03-08,2024-09-22,2025,110.0
C0317,Corporate,Manufacturing,Coimbatore,Tamil Nadu,South,3,228417,52279,Net 60,2018-01-11,2020-06-11,2547,7.0,7,32,34026890,5,2,1,521,8,Potential / Needs Attention,201,7398380,1063340.3125,169288.00995024876,2086,2019-01-17,2024-12-25,2169,4.57
C0318,Corporate,Logistics,Delhi,Delhi,North,3,973000,403649,Net 45,2021-12-10,2024-09-01,1118,3.1,76,36,48754200,2,3,4,234,9,Potential / Needs Attention,234,10554310,1354283.3333333333,208351.28205128206,2547,2019-01-08,2024-10-17,2109,11.61
C0319,Dealer,Mining,Bengaluru,Karnataka,South,5,396406,88680,Net 30,2020-04-20,2021-12-18,1717,4.7,24,33,47364750,4,2,3,423,9,Potential / Needs Attention,250,10144750,1435295.4545454546,189459.0,2588,2019-05-16,2024-12-08,2033,7.02
C0320,Retail,Construction,Delhi,Delhi,North,1,16859,8363,Net 60,2015-04-28,2024-08-31,3536,9.7,2,34,42001120,5,3,2,532,10,Loyal / High Value,199,8912650,1235327.0588235294,211060.90452261307,2078,2019-04-01,2024-12-30,2100,3.51
C0321,Retail,Logistics,Hyderabad,Telangana,South,2,33291,18767,Net 60,2015-11-22,2018-06-24,3328,9.1,187,38,42809230,1,4,2,142,7,Potential / Needs Attention,255,9344910,1126558.6842105263,167879.33333333334,2577,2019-01-04,2024-06-28,2002,4.18
C0322,Government,Construction,Ahmedabad,Gujarat,West,2,975830,17767,Net 60,2022-12-13,2023-10-19,750,2.1,22,28,32200600,4,1,1,411,6,At Risk / Hibernating,189,6986110,1150021.4285714286,170373.54497354498,1962,2019-04-10,2024-12-10,2071,13.33
C0323,Government,Manufacturing,Ahmedabad,Gujarat,West,2,717071,189451,Advance,2019-11-28,2021-10-16,1861,5.1,10,36,39487910,5,3,2,532,10,Loyal / High Value,222,8587710,1096886.388888889,177873.46846846846,2227,2019-01-11,2024-12-22,2172,7.06
C0324,Corporate,Mining,Chennai,Tamil Nadu,South,5,384819,150633,Net 45,2019-11-10,2024-02-29,1879,5.1,130,35,41098360,1,3,2,132,6,At Risk / Hibernating,217,8807950,1174238.857142857,189393.36405529955,2391,2019-01-24,2024-08-24,2039,6.86
C0325,Corporate,Rental,Kolkata,West Bengal,East,3,811959,363532,Net 30,2023-01-20,2023-09-07,712,1.9,53,30,41524630,3,1,2,312,6,At Risk / Hibernating,173,8757120,1384154.3333333333,240026.76300578035,1740,2019-03-03,2024-11-09,2078,15.79
C0326,Government,Mining,Kolkata,West Bengal,East,4,1143072,798334,Advance,2016-08-31,2020-04-22,3045,8.3,2,42,51922180,5,5,4,554,14,Champions,291,10974410,1236242.380952381,178426.735395189,2853,2019-03-14,2024-12-30,2118,5.06
C0327,Retail,Mining,Vadodara,Gujarat,West,1,37994,22697,Net 15,2017-04-28,2022-12-28,2805,7.7,26,43,47883020,4,5,4,454,13,Champions,253,10309860,1113558.6046511629,189260.9486166008,2598,2019-02-01,2024-12-06,2135,5.58
C0328,Government,Rental,Kolkata,West Bengal,East,4,1177052,510972,Net 45,2015-07-31,2023-03-17,3442,9.4,27,37,49201820,4,4,4,444,12,Loyal / High Value,240,10427770,1329778.9189189188,205007.58333333334,2539,2019-01-03,2024-12-05,2163,3.94
C0329,Dealer,Infrastructure,Indore,Madhya Pradesh,Central,1,434298,220404,Net 45,2021-08-04,2024-09-18,1246,3.4,6,36,50414010,5,3,4,534,12,Loyal / High Value,256,10723070,1400389.1666666667,196929.7265625,2480,2019-01-03,2024-12-26,2184,10.59
C0330,Retail,Infrastructure,Bhubaneswar,Odisha,East,3,41835,63,Net 30,2019-12-31,2022-05-02,1828,5.0,144,38,42673670,1,4,2,142,7,Potential / Needs Attention,248,9377410,1122991.3157894737,172071.25,2695,2019-02-12,2024-08-10,2006,7.6
C0331,Dealer,Logistics,Delhi,Delhi,North,2,270715,127398,Net 45,2016-10-17,2024-07-25,2998,8.2,17,42,53327060,5,5,4,554,14,Champions,314,11824730,1269691.9047619049,169831.40127388536,3332,2019-04-12,2024-12-15,2074,5.12
C0332,Corporate,Mining,Bengaluru,Karnataka,South,1,545215,438695,Net 45,2019-04-24,2020-11-14,2079,5.7,51,35,35068830,3,3,1,331,7,Potential / Needs Attention,189,7710090,1001966.5714285715,185549.3650793651,2151,2019-01-19,2024-11-11,2123,6.14
C0333,Corporate,Mining,Hyderabad,Telangana,South,3,523789,445736,Net 15,2019-06-10,2024-01-01,2032,5.6,30,39,49686600,4,4,4,444,12,Loyal / High Value,270,10718240,1274015.3846153845,184024.44444444444,2835,2019-01-09,2024-12-02,2154,6.96
C0334,Corporate,Mining,Chennai,Tamil Nadu,South,5,681229,142562,Net 15,2019-12-27,2020-05-13,1832,5.0,130,33,29449120,1,2,1,121,4,Lost / Low Value,175,6654400,892397.5757575758,168280.6857142857,1866,2019-01-03,2024-08-24,2060,6.6
C0335,Government,Infrastructure,Guwahati,Assam,North East,5,989169,722277,Net 15,2017-09-19,2018-09-25,2661,7.3,59,38,47401100,3,4,3,343,10,Loyal / High Value,258,10271030,1247397.3684210526,183725.19379844962,2769,2019-01-31,2024-11-03,2103,5.21
C0336,Government,Rental,Kolkata,West Bengal,East,5,1317175,577628,Net 15,2019-10-05,2022-11-27,1915,5.2,97,33,30736480,2,2,1,221,5,At Risk / Hibernating,184,6682220,931408.4848484849,167046.08695652173,1916,2019-04-29,2024-09-26,1977,6.35
C0337,Corporate,Manufacturing,Delhi,Delhi,North,2,713111,101691,Advance,2016-02-18,2020-08-17,3240,8.9,129,34,57585510,1,3,5,135,9,Potential / Needs Attention,262,12279250,1693691.4705882352,219792.02290076335,2707,2019-04-15,2024-08-25,1959,3.82
C0338,Corporate,Rental,Ahmedabad,Gujarat,West,4,849500,770295,Net 60,2022-12-13,2023-01-07,750,2.1,39,33,40964750,3,2,2,322,7,Potential / Needs Attention,209,8704060,1241356.0606060605,196003.58851674641,2009,2019-02-01,2024-11-23,2122,15.71
C0339,Fleet Owner,Logistics,Chennai,Tamil Nadu,South,2,121781,76116,Advance,2016-12-05,2024-01-16,2949,8.1,138,24,31557880,1,1,1,111,3,Lost / Low Value,153,6774840,1314911.6666666667,206260.65359477125,1645,2019-05-01,2024-08-16,1934,2.96
C0340,Government,Mining,Hyderabad,Telangana,South,3,610937,228953,Net 30,2022-06-03,2023-08-06,943,2.6,28,35,49824870,4,3,4,434,11,Loyal / High Value,227,10654320,1423567.7142857143,219492.81938325992,2588,2019-01-05,2024-12-04,2160,13.46
C0341,Fleet Owner,Mining,Delhi,Delhi,North,5,303484,207197,Net 45,2021-08-02,2023-05-06,1248,3.4,86,36,52480080,2,3,4,234,9,Potential / Needs Attention,249,11281170,1457780.0,210763.3734939759,2657,2019-03-10,2024-10-07,2038,10.59
C0342,Dealer,Infrastructure,Delhi,Delhi,North,5,104911,39842,Net 45,2023-12-14,2024-07-07,384,1.1,84,36,57066210,2,3,5,235,10,Loyal / High Value,274,12372150,1585172.5,208270.83941605838,3037,2019-12-04,2024-10-09,1771,32.73
C0343,Corporate,Construction,Pune,Maharashtra,West,1,994769,993939,Advance,2018-02-15,2024-02-11,2512,6.9,41,40,53611870,3,4,4,344,11,Loyal / High Value,253,11464170,1340296.75,211904.62450592886,2672,2019-02-28,2024-11-21,2093,5.8
C0344,Fleet Owner,Mining,Mumbai,Maharashtra,West,2,508890,439948,Net 30,2016-03-27,2017-06-16,3202,8.8,198,28,37729300,1,1,2,112,4,Lost / Low Value,182,8023810,1347475.0,207303.84615384616,1972,2019-01-04,2024-06-17,1991,3.18
C0345,Retail,Infrastructure,Pune,Maharashtra,West,2,31532,26687,Net 30,2021-04-14,2021-09-01,1358,3.7,42,40,39617420,3,4,2,342,9,Potential / Needs Attention,233,8830120,990435.5,170031.84549356223,2405,2019-02-21,2024-11-20,2099,10.81
C0346,Retail,Construction,Patna,Bihar,East,3,30962,26154,Advance,2021-11-28,2022-11-09,1130,3.1,47,39,42873560,3,4,2,342,9,Potential / Needs Attention,238,9238740,1099322.0512820513,180141.00840336134,2411,2019-01-21,2024-11-15,2125,12.58
C0347,Retail,Mining,Delhi,Delhi,North,4,33854,16481,Net 45,2020-08-17,2022-11-08,1598,4.4,29,24,17721530,4,1,1,411,6,At Risk / Hibernating,126,4003500,738397.0833333334,140647.0634920635,1322,2019-03-04,2024-12-03,2101,5.45
C0348,Retail,Logistics,Delhi,Delhi,North,2,32723,11641,Net 60,2024-06-25,2024-11-29,190,0.5,69,34,39978280,2,3,2,232,7,Potential / Needs Attention,244,8822340,1175831.7647058824,163845.40983606558,2515,2019-04-15,2024-10-24,2019,68.0
C0349,Corporate,Rental,Ahmedabad,Gujarat,West,1,505172,308946,Advance,2018-12-07,2020-05-26,2217,6.1,74,33,44485700,2,2,3,223,7,Potential / Needs Attention,232,9524350,1348051.5151515151,191748.7068965517,2459,2019-01-31,2024-10-19,2088,5.41
C0350,Dealer,Logistics,Guwahati,Assam,North East,2,386127,5509,Net 45,2015-09-26,2016-02-02,3385,9.3,37,32,32353150,4,2,1,421,7,Potential / Needs Attention,195,7056520,1011035.9375,165913.58974358975,1936,2019-05-03,2024-11-25,2033,3.44
C0351,Corporate,Rental,Bhubaneswar,Odisha,East,1,483031,235148,Advance,2018-11-13,2024-08-19,2241,6.1,111,34,35183170,1,3,1,131,5,At Risk / Hibernating,209,7866440,1034799.1176470588,168340.52631578947,2207,2019-03-29,2024-09-12,1994,5.57
C0352,Corporate,Mining,Bengaluru,Karnataka,South,1,729658,322307,Net 45,2016-08-01,2021-11-27,3075,8.4,51,30,31581590,3,1,1,311,5,At Risk / Hibernating,176,6883480,1052719.6666666667,179440.85227272726,1819,2019-02-23,2024-11-11,2088,3.57
C0353,Dealer,Manufacturing,Delhi,Delhi,North,1,275021,20542,Net 60,2019-10-20,2022-04-13,1900,5.2,85,27,25154270,2,1,1,211,4,Lost / Low Value,155,5575970,931639.6296296297,162285.61290322582,1680,2019-01-16,2024-10-08,2092,5.19
C0354,Corporate,Logistics,Hyderabad,Telangana,South,2,261489,79839,Advance,2023-07-15,2024-09-12,536,1.5,7,37,44585860,5,4,3,543,12,Loyal / High Value,245,9754930,1205023.2432432433,181983.10204081633,2595,2019-01-06,2024-12-25,2180,24.67
C0355,Government,Infrastructure,Hyderabad,Telangana,South,4,917399,657955,Net 45,2022-12-05,2024-12-01,758,2.1,14,32,46214030,5,2,3,523,10,Loyal / High Value,216,9733050,1444188.4375,213953.84259259258,2259,2019-01-03,2024-12-18,2176,15.24
C0356,Dealer,Mining,Bhubaneswar,Odisha,East,2,277333,232370,Net 45,2024-02-02,2024-12-21,334,0.9,27,45,62479450,4,5,5,455,14,Champions,297,13431230,1388432.2222222222,210368.5185185185,3218,2019-03-16,2024-12-05,2091,50.0
C0357,Corporate,Mining,Ahmedabad,Gujarat,West,2,573217,397222,Net 15,2023-11-20,2024-10-10,408,1.1,45,28,45252290,3,1,3,313,7,Potential / Needs Attention,190,9485220,1616153.2142857143,238169.94736842104,1981,2019-01-05,2024-11-17,2143,25.45
C0358,Government,Infrastructure,Pune,Maharashtra,West,4,1086668,719489,Net 15,2019-07-20,2023-10-03,1992,5.5,92,36,46632120,2,3,3,233,8,Potential / Needs Attention,240,10052070,1295336.6666666667,194300.5,2398,2019-04-17,2024-10-01,1994,6.55
C0359,Fleet Owner,Mining,Hyderabad,Telangana,South,3,413735,90805,Net 45,2019-09-19,2020-09-11,1931,5.3,34,46,67221300,4,5,5,455,14,Champions,318,14543900,1461332.608695652,211387.7358490566,3389,2019-02-12,2024-11-28,2116,8.68
C0360,Dealer,Construction,Ahmedabad,Gujarat,West,5,433677,398778,Net 45,2020-06-09,2022-01-16,1667,4.6,45,31,42914200,3,2,2,322,7,Potential / Needs Attention,201,9192200,1384329.0322580645,213503.48258706467,2233,2019-05-25,2024-11-17,2003,6.74
C0361,Government,Logistics,Hyderabad,Telangana,South,5,623046,455127,Net 45,2019-04-10,2021-09-21,2093,5.7,97,32,41202210,2,2,2,222,6,At Risk / Hibernating,211,8776520,1287569.0625,195271.1374407583,2159,2019-01-15,2024-09-26,2081,5.61
C0362,Corporate,Rental,Vadodara,Gujarat,West,1,814512,9547,Net 15,2015-11-20,2019-06-13,3330,9.1,82,37,41935190,2,4,2,242,8,Potential / Needs Attention,244,9291090,1133383.5135135136,171865.53278688525,2489,2019-02-26,2024-10-11,2054,4.07
C0363,Fleet Owner,Logistics,Visakhapatnam,Andhra Pradesh,South,5,384777,224253,Advance,2022-03-17,2024-01-13,1021,2.8,55,32,42048290,3,2,2,322,7,Potential / Needs Attention,256,9216010,1314009.0625,164251.1328125,2504,2019-05-10,2024-11-07,2008,11.43
C0364,Government,Infrastructure,Kolkata,West Bengal,East,5,615436,402232,Net 30,2023-01-20,2023-07-22,712,1.9,44,32,42733560,3,2,2,322,7,Potential / Needs Attention,218,9359450,1335423.75,196025.50458715597,2358,2019-03-14,2024-11-18,2076,16.84
C0365,Government,Manufacturing,Kolkata,West Bengal,East,1,617154,362148,Net 60,2019-05-16,2023-03-01,2057,5.6,108,39,47362240,1,4,3,143,8,Potential / Needs Attention,255,10400050,1214416.4102564103,185734.27450980392,2697,2019-01-04,2024-09-15,2081,6.96
C0366,Corporate,Logistics,Kolkata,West Bengal,East,4,429866,27962,Advance,2015-02-22,2021-01-29,3601,9.9,67,26,34264010,2,1,1,211,4,Lost / Low Value,165,7423140,1317846.5384615385,207660.66666666666,1695,2019-03-09,2024-10-26,2058,2.63
C0367,Fleet Owner,Logistics,Chennai,Tamil Nadu,South,2,747445,501548,Net 60,2018-09-01,2022-11-21,2314,6.3,58,27,45173860,3,1,3,313,7,Potential / Needs Attention,209,9672510,1673105.9259259258,216142.87081339714,2168,2019-02-28,2024-11-04,2076,4.29
C0368,Fleet Owner,Construction,Chennai,Tamil Nadu,South,1,234723,90488,Advance,2022-08-02,2024-08-13,883,2.4,61,31,40673710,2,2,2,222,6,At Risk / Hibernating,222,8776580,1312055.1612903227,183214.9099099099,2145,2019-02-17,2024-11-01,2084,12.92
C0369,Government,Manufacturing,Pune,Maharashtra,West,1,1482938,332815,Net 15,2021-11-05,2023-02-28,1153,3.2,19,40,50690940,4,4,4,444,12,Loyal / High Value,252,10922200,1267273.5,201154.52380952382,2597,2019-01-26,2024-12-13,2148,12.5
C0370,Corporate,Infrastructure,Kolkata,West Bengal,East,4,375748,373898,Net 30,2020-09-24,2023-11-09,1560,4.3,14,36,42286970,5,3,2,532,10,Loyal / High Value,212,9191960,1174638.0555555555,199466.8396226415,2351,2019-02-18,2024-12-18,2130,8.37
C0371,Retail,Rental,Hyderabad,Telangana,South,3,20028,141,Net 15,2020-09-09,2023-07-01,1575,4.3,60,47,64331600,2,5,5,255,12,Loyal / High Value,282,13791480,1368757.4468085107,228126.24113475176,2844,2019-01-03,2024-11-02,2130,10.93
C0372,Government,Logistics,Hyderabad,Telangana,South,4,778200,681891,Net 60,2021-06-14,2022-01-23,1297,3.6,175,36,41513200,1,3,2,132,6,At Risk / Hibernating,215,8990030,1153144.4444444445,193084.6511627907,2264,2019-02-15,2024-07-10,1972,10.0
C0373,Corporate,Manufacturing,Hyderabad,Telangana,South,3,502349,395823,Net 15,2024-07-02,2024-08-31,183,0.5,121,38,54767460,1,4,5,145,10,Loyal / High Value,273,11635220,1441248.9473684211,200613.4065934066,2794,2019-04-03,2024-09-02,1979,76.0
C0374,Corporate,Manufacturing,Pune,Maharashtra,West,5,309830,45731,Net 30,2015-07-21,2023-10-27,3452,9.5,22,41,53669570,4,5,4,454,13,Champions,288,11571190,1309013.9024390243,186352.67361111112,2948,2019-03-07,2024-12-10,2105,4.32
C0375,Fleet Owner,Mining,Surat,Gujarat,West,1,243350,85892,Net 60,2016-10-07,2018-05-22,3008,8.2,59,42,63738420,3,5,5,355,13,Champions,298,13599470,1517581.4285714286,213887.31543624162,3033,2019-02-20,2024-11-03,2083,5.12
C0376,Retail,Construction,Delhi,Delhi,North,5,37739,31805,Net 30,2023-01-27,2024-12-03,705,1.9,38,29,40903770,3,1,2,312,6,At Risk / Hibernating,222,8921210,1410474.8275862068,184251.2162162162,2337,2019-07-01,2024-11-24,1973,15.26
C0377,Dealer,Logistics,Nagpur,Maharashtra,West,3,162271,99916,Net 45,2017-12-26,2019-12-25,2563,7.0,25,37,53755340,4,4,4,444,12,Loyal / High Value,248,11347320,1452847.027027027,216755.40322580645,2676,2019-02-01,2024-12-07,2136,5.29
C0378,Retail,Manufacturing,Delhi,Delhi,North,4,45130,31976,Advance,2023-03-23,2023-03-27,650,1.8,46,35,39739040,3,3,2,332,8,Potential / Needs Attention,213,8579390,1135401.142857143,186568.26291079813,2201,2019-01-19,2024-11-16,2128,19.44
C0379,Retail,Mining,Vadodara,Gujarat,West,3,22642,8448,Advance,2017-11-11,2021-05-22,2608,7.1,17,41,50443570,5,5,4,554,14,Champions,272,10984700,1230330.975609756,185454.30147058822,2899,2019-03-29,2024-12-15,2088,5.77
C0380,Fleet Owner,Manufacturing,Hyderabad,Telangana,South,5,343972,250436,Net 45,2021-04-03,2022-03-27,1369,3.7,59,50,61154260,3,5,5,355,13,Champions,328,13264210,1223085.2,186445.91463414635,3614,2019-01-29,2024-11-03,2105,13.51
C0381,Corporate,Mining,Chennai,Tamil Nadu,South,4,571520,435086,Advance,2016-05-04,2024-05-29,3164,8.7,45,29,48585550,3,1,4,314,8,Potential / Needs Attention,183,10189180,1675363.7931034483,265494.8087431694,1971,2019-07-06,2024-11-17,1961,3.33
C0382,Retail,Manufacturing,Hyderabad,Telangana,South,3,41306,34329,Advance,2023-07-15,2023-09-08,536,1.5,43,33,33715150,3,2,1,321,6,At Risk / Hibernating,228,7591790,1021671.2121212122,147873.4649122807,2412,2019-04-17,2024-11-19,2043,22.0
C0383,Fleet Owner,Infrastructure,Lucknow,Uttar Pradesh,North,5,316263,124305,Net 15,2017-07-16,2021-04-16,2726,7.5,43,41,53480050,3,5,4,354,12,Loyal / High Value,267,11397420,1304391.463414634,200299.8127340824,2781,2019-02-18,2024-11-19,2101,5.47
C0384,Retail,Construction,Chennai,Tamil Nadu,South,3,30122,4580,Net 45,2019-06-21,2022-04-04,2021,5.5,114,39,56692240,1,4,5,145,10,Loyal / High Value,280,11946630,1453647.1794871795,202472.2857142857,3025,2019-02-05,2024-09-09,2043,7.09
C0385,Corporate,Manufacturing,Ahmedabad,Gujarat,West,2,406137,295086,Net 45,2024-06-10,2024-09-20,205,0.6,100,37,52865670,1,4,4,144,9,Potential / Needs Attention,262,11529300,1428801.8918918918,201777.36641221374,2706,2019-07-27,2024-09-23,1885,61.67
C0386,Retail,Construction,Delhi,Delhi,North,4,31717,8568,Net 30,2017-05-03,2017-07-18,2800,7.7,58,32,38385820,3,2,2,322,7,Potential / Needs Attention,194,8189220,1199556.875,197865.05154639174,2060,2019-04-23,2024-11-04,2022,4.16
C0387,Dealer,Infrastructure,Kolkata,West Bengal,East,4,111501,60386,Net 45,2022-01-01,2022-01-25,1096,3.0,67,34,37034600,2,3,1,231,6,At Risk / Hibernating,228,8310240,1089252.9411764706,162432.45614035087,2430,2019-01-02,2024-10-26,2124,11.33
C0388,Fleet Owner,Infrastructure,Pune,Maharashtra,West,5,780698,677920,Advance,2020-05-15,2021-08-02,1692,4.6,20,27,30890020,4,1,1,411,6,At Risk / Hibernating,167,6598290,1144074.8148148148,184970.17964071856,1660,2019-03-21,2024-12-12,2093,5.87
C0389,Retail,Mining,Surat,Gujarat,West,5,34342,20256,Advance,2019-06-05,2019-07-29,2037,5.6,37,30,38241650,4,1,2,412,7,Potential / Needs Attention,182,8209960,1274721.6666666667,210118.95604395604,1924,2019-04-04,2024-11-25,2062,5.36
C0390,Fleet Owner,Construction,Delhi,Delhi,North,3,220350,71369,Advance,2024-04-16,2024-05-09,260,0.7,53,32,50314950,3,2,4,324,9,Potential / Needs Attention,237,10801590,1572342.1875,212299.3670886076,2474,2019-03-23,2024-11-09,2058,45.71
C0391,Government,Construction,Ahmedabad,Gujarat,West,3,624393,239160,Net 60,2022-02-23,2022-10-30,1043,2.9,32,33,36944480,4,2,1,421,7,Potential / Needs Attention,200,8112640,1119529.696969697,184722.4,2048,2019-01-14,2024-11-30,2147,11.38
C0392,Fleet Owner,Logistics,Kolkata,West Bengal,East,2,465583,265735,Net 60,2015-02-15,2017-12-06,3608,9.9,20,31,30249660,4,2,1,421,7,Potential / Needs Attention,163,6763360,975795.4838709678,185580.73619631902,1721,2019-02-11,2024-12-12,2131,3.13
C0393,Retail,Rental,Kolkata,West Bengal,East,3,41273,8717,Net 15,2019-04-04,2022-05-27,2099,5.7,14,39,40195010,5,4,2,542,11,Loyal / High Value,222,8883320,1030641.282051282,181058.6036036036,2192,2019-03-27,2024-12-18,2093,6.84
C0394,Government,Construction,Hyderabad,Telangana,South,4,685435,586864,Net 45,2023-09-30,2024-10-12,459,1.3,41,40,54868190,3,4,5,345,12,Loyal / High Value,280,11831640,1371704.75,195957.82142857142,2924,2019-03-08,2024-11-21,2085,30.77
C0395,Corporate,Manufacturing,Kolkata,West Bengal,East,1,680072,209294,Net 45,2016-02-29,2021-05-19,3229,8.8,12,44,50643860,5,5,4,554,14,Champions,279,10939090,1150996.8181818181,181519.21146953406,2938,2019-02-21,2024-12-20,2129,5.0
C0396,Government,Manufacturing,Ahmedabad,Gujarat,West,2,753812,37466,Net 45,2019-03-19,2022-10-04,2115,5.8,25,38,50680080,4,4,4,444,12,Loyal / High Value,270,10808210,1333686.3157894737,187704.0,2731,2019-01-14,2024-12-07,2154,6.55
C0397,Fleet Owner,Mining,Ahmedabad,Gujarat,West,3,685521,640617,Net 30,2015-04-10,2021-09-24,3554,9.7,40,36,44216230,3,3,3,333,9,Potential / Needs Attention,231,9486520,1228228.611111111,191412.25108225108,2475,2019-02-11,2024-11-22,2111,3.71
C0398,Government,Rental,Hyderabad,Telangana,South,5,1207145,1061185,Net 30,2021-10-16,2022-01-04,1173,3.2,30,35,45379170,4,3,3,433,10,Loyal / High Value,246,10099960,1296547.7142857143,184468.17073170733,2629,2019-09-10,2024-12-02,1910,10.94
C0399,Fleet Owner,Rental,Chennai,Tamil Nadu,South,3,384480,12371,Advance,2015-01-07,2016-11-10,3647,10.0,7,39,46532600,5,4,3,543,12,Loyal / High Value,232,10057080,1193143.5897435897,200571.55172413794,2439,2019-01-03,2024-12-25,2183,3.9
C0400,Government,Infrastructure,Delhi,Delhi,North,5,1018688,799757,Net 60,2019-04-19,2020-05-24,2084,5.7,70,35,40610020,2,3,2,232,7,Potential / Needs Attention,221,8708370,1160286.2857142857,183755.74660633484,2252,2019-04-06,2024-10-23,2027,6.14
C0401,Government,Logistics,Guwahati,Assam,North East,1,1066548,57200,Net 60,2015-02-06,2023-01-30,3617,9.9,68,36,45711960,2,3,3,233,8,Potential / Needs Attention,233,9939020,1269776.6666666667,196188.669527897,2290,2019-01-11,2024-10-25,2114,3.64
C0402,Fleet Owner,Rental,Hyderabad,Telangana,South,1,599112,461073,Net 15,2018-03-04,2023-11-30,2495,6.8,173,35,34212640,1,3,1,131,5,At Risk / Hibernating,213,7671620,977504.0,160622.72300469482,2163,2019-01-25,2024-07-12,1995,5.15
C0403,Government,Construction,Kolkata,West Bengal,East,4,954046,440000,Advance,2018-09-25,2021-02-18,2290,6.3,22,45,63236900,4,5,5,455,14,Champions,324,13671130,1405264.4444444445,195175.61728395062,3459,2019-02-19,2024-12-10,2121,7.14
C0404,Government,Mining,Ahmedabad,Gujarat,West,5,1177246,346690,Net 30,2019-03-04,2023-01-20,2130,5.8,6,31,36224330,5,2,1,521,8,Potential / Needs Attention,194,7992100,1168526.7741935484,186723.3505154639,2127,2019-02-10,2024-12-26,2146,5.34
C0405,Corporate,Infrastructure,Pune,Maharashtra,West,3,216557,212474,Net 30,2022-12-16,2024-04-18,747,2.0,190,32,39790100,1,2,2,122,5,At Risk / Hibernating,185,8538290,1243440.625,215081.62162162163,2039,2019-01-30,2024-06-25,1973,16.0
C0406,Dealer,Logistics,Pune,Maharashtra,West,3,229106,158033,Advance,2024-05-22,2024-06-18,224,0.6,82,32,50826330,2,2,4,224,8,Potential / Needs Attention,223,10601600,1588322.8125,227920.76233183857,2312,2019-02-25,2024-10-11,2055,53.33
C0407,Dealer,Logistics,Hyderabad,Telangana,South,2,379116,62934,Net 45,2019-07-21,2021-07-21,1991,5.5,7,38,42882880,5,4,2,542,11,Loyal / High Value,211,9268090,1128496.8421052631,203236.3981042654,2248,2019-02-01,2024-12-25,2154,6.91
C0408,Government,Infrastructure,Hyderabad,Telangana,South,4,1461198,1221928,Net 60,2021-01-20,2022-02-13,1442,3.9,60,36,47201090,2,3,3,233,8,Potential / Needs Attention,237,10250720,1311141.388888889,199160.71729957807,2629,2019-07-06,2024-11-02,1946,9.23
C0409,Government,Logistics,Pune,Maharashtra,West,1,990136,859423,Net 45,2023-01-24,2023-05-12,708,1.9,84,45,47755320,2,5,4,254,11,Loyal / High Value,292,10327870,1061229.3333333333,163545.61643835617,2971,2019-01-19,2024-10-09,2090,23.68
C0410,Corporate,Mining,Hyderabad,Telangana,South,4,320500,286790,Net 30,2015-02-01,2018-01-04,3622,9.9,35,39,46906860,4,4,3,443,11,Loyal / High Value,239,10204700,1202740.0,196263.01255230125,2506,2019-03-03,2024-11-27,2096,3.94
C0411,Corporate,Mining,Hyderabad,Telangana,South,5,621936,347662,Advance,2021-10-14,2024-12-02,1175,3.2,20,43,56645350,4,5,5,455,14,Champions,265,11839000,1317333.7209302327,213756.03773584907,2748,2019-07-14,2024-12-12,1978,13.44
C0412,Corporate,Infrastructure,Kolkata,West Bengal,East,3,699539,571001,Net 45,2019-07-22,2024-05-18,1990,5.4,218,32,33987820,1,2,1,121,4,Lost / Low Value,197,7143530,1062119.375,172527.00507614214,1897,2019-04-20,2024-05-28,1865,5.93
C0413,Fleet Owner,Manufacturing,Chennai,Tamil Nadu,South,1,225464,22974,Net 15,2021-08-22,2024-09-16,1228,3.4,54,41,48986230,3,5,4,354,12,Loyal / High Value,260,10757130,1194786.0975609757,188408.57692307694,2737,2019-02-06,2024-11-08,2102,12.06
C0414,Dealer,Construction,Chennai,Tamil Nadu,South,4,252548,96330,Net 30,2017-04-17,2021-09-17,2816,7.7,1,40,52044170,5,4,4,544,13,Champions,226,11165180,1301104.25,230283.93805309734,2477,2019-02-16,2024-12-31,2145,5.19
C0415,Government,Infrastructure,Guwahati,Assam,North East,1,870771,121474,Net 30,2016-01-03,2022-07-30,3286,9.0,82,33,53841670,2,2,4,224,8,Potential / Needs Attention,260,11421130,1631565.7575757576,207083.34615384616,2815,2019-03-21,2024-10-11,2031,3.67
C0416,Dealer,Manufacturing,Chennai,Tamil Nadu,South,2,498960,179763,Net 30,2023-12-03,2024-02-25,395,1.1,73,37,36145900,2,4,1,241,7,Potential / Needs Attention,245,7971350,976916.2162162162,147534.2857142857,2482,2019-01-05,2024-10-20,2115,33.64
C0417,Fleet Owner,Mining,Kolkata,West Bengal,East,3,587793,383902,Advance,2019-10-01,2021-01-13,1919,5.3,112,32,40806780,1,2,2,122,5,At Risk / Hibernating,208,8949910,1275211.875,196186.4423076923,2135,2019-12-18,2024-09-11,1729,6.04
C0418,Government,Mining,Pune,Maharashtra,West,4,1185942,749861,Net 15,2015-12-25,2020-07-08,3295,9.0,48,30,37023670,3,1,1,311,5,At Risk / Hibernating,202,8191780,1234122.3333333333,183285.49504950494,2091,2019-03-18,2024-11-14,2068,3.33
C0419,Fleet Owner,Logistics,Mumbai,Maharashtra,West,1,344338,246613,Net 45,2020-02-06,2020-08-25,1791,4.9,93,31,48221790,2,2,4,224,8,Potential / Needs Attention,211,10339850,1555541.6129032257,228539.28909952607,2198,2019-03-05,2024-09-30,2036,6.33
C0420,Retail,Rental,Chennai,Tamil Nadu,South,3,44758,199,Net 30,2017-01-26,2023-03-03,2897,7.9,40,46,72545910,3,5,5,355,13,Champions,337,15748570,1577085.0,215269.76261127598,3596,2019-01-10,2024-11-22,2143,5.82
C0421,Retail,Construction,Chennai,Tamil Nadu,South,3,35710,11463,Net 30,2015-03-28,2021-12-01,3567,9.8,194,38,54492210,1,4,5,145,10,Loyal / High Value,266,11516800,1434005.5263157894,204857.93233082705,2798,2019-04-06,2024-06-21,1903,3.88
C0422,Government,Construction,Hyderabad,Telangana,South,5,858335,605029,Net 60,2020-04-12,2020-05-20,1725,4.7,58,37,51607190,3,4,4,344,11,Loyal / High Value,262,10910160,1394788.9189189188,196974.00763358778,2655,2019-09-19,2024-11-04,1873,7.87
C0423,Dealer,Infrastructure,Visakhapatnam,Andhra Pradesh,South,3,234222,160010,Net 60,2016-10-12,2020-04-03,3003,8.2,53,30,36819280,3,1,1,311,5,At Risk / Hibernating,183,7958140,1227309.3333333333,201198.2513661202,2057,2019-02-25,2024-11-09,2084,3.66
C0424,Retail,Construction,Ahmedabad,Gujarat,West,4,28345,28072,Net 45,2018-04-26,2019-10-13,2442,6.7,100,35,45692330,1,3,3,133,7,Potential / Needs Attention,266,9907210,1305495.142857143,171775.6766917293,2714,2019-03-22,2024-09-23,2012,5.22
C0425,Dealer,Manufacturing,Chennai,Tamil Nadu,South,3,197706,90771,Net 30,2015-01-07,2017-12-18,3647,10.0,23,41,53232320,4,5,4,454,13,Champions,260,11299360,1298349.268292683,204739.6923076923,2543,2019-01-17,2024-12-09,2153,4.1
C0426,Dealer,Infrastructure,Guwahati,Assam,North East,1,332893,19372,Net 45,2021-01-24,2023-09-28,1438,3.9,29,35,44884200,4,3,3,433,10,Loyal / High Value,213,9701740,1282405.7142857143,210723.94366197183,2335,2019-02-20,2024-12-03,2113,8.97
C0427,Corporate,Mining,Vadodara,Gujarat,West,3,334941,5247,Net 60,2017-01-21,2022-03-22,2902,7.9,36,41,41731940,4,5,2,452,11,Loyal / High Value,231,9134000,1017852.1951219512,180657.74891774892,2362,2019-02-07,2024-11-26,2119,5.19
C0428,Retail,Construction,Delhi,Delhi,North,4,39509,3190,Net 60,2021-12-17,2022-08-31,1111,3.0,128,43,52052170,1,5,4,154,10,Loyal / High Value,277,11211820,1210515.5813953488,187913.97111913358,2922,2019-01-25,2024-08-26,2040,14.33
C0429,Fleet Owner,Logistics,Ahmedabad,Gujarat,West,3,375146,303392,Net 45,2022-09-30,2023-11-20,824,2.3,72,42,54510440,2,5,5,255,12,Loyal / High Value,257,11432370,1297867.619047619,212102.8793774319,2699,2019-02-08,2024-10-21,2082,18.26
C0430,Retail,Manufacturing,Nagpur,Maharashtra,West,5,10552,5942,Net 15,2016-04-16,2019-03-07,3182,8.7,82,27,35197560,2,1,1,211,4,Lost / Low Value,205,7804010,1303613.3333333333,171695.41463414635,2115,2019-03-08,2024-10-11,2044,3.1
C0431,Government,Logistics,Nagpur,Maharashtra,West,5,1284393,789154,Net 30,2021-07-27,2023-11-27,1254,3.4,180,28,35920190,1,1,1,111,3,Lost / Low Value,178,7679710,1282863.9285714286,201798.8202247191,1797,2019-06-09,2024-07-05,1853,8.24
C0432,Fleet Owner,Mining,Hyderabad,Telangana,South,3,378549,339143,Net 30,2020-12-24,2021-06-07,1469,4.0,89,37,38717560,2,4,2,242,8,Potential / Needs Attention,217,8357080,1046420.5405405406,178421.93548387097,2205,2019-01-26,2024-10-04,2078,9.25
C0433,Dealer,Infrastructure,Chandigarh,Punjab,North,3,448175,226491,Net 60,2020-02-21,2021-01-19,1776,4.9,219,31,44764880,1,2,3,123,6,At Risk / Hibernating,237,9697050,1444028.3870967743,188881.35021097047,2521,2019-09-11,2024-05-27,1720,6.33
C0434,Corporate,Mining,Indore,Madhya Pradesh,Central,4,437713,377663,Net 15,2020-10-07,2022-02-24,1547,4.2,67,33,42768890,2,2,2,222,6,At Risk / Hibernating,204,9054910,1296026.9696969697,209651.42156862744,2130,2019-01-05,2024-10-26,2121,7.86
C0435,Dealer,Manufacturing,Chennai,Tamil Nadu,South,4,393189,129432,Net 45,2021-05-15,2021-08-16,1327,3.6,61,50,57957990,2,5,5,255,12,Loyal / High Value,315,12631530,1159159.8,183993.61904761905,3145,2019-10-11,2024-11-01,1848,13.89
C0436,Fleet Owner,Logistics,Kolkata,West Bengal,East,3,550408,500938,Net 30,2020-08-19,2021-05-04,1596,4.4,17,34,45357190,5,3,3,533,11,Loyal / High Value,231,9932440,1334035.0,196351.47186147186,2530,2019-02-01,2024-12-15,2144,7.73
C0437,Dealer,Mining,Nagpur,Maharashtra,West,3,235226,34472,Net 30,2023-12-27,2024-10-01,371,1.0,11,30,36305140,5,1,1,511,7,Potential / Needs Attention,193,7831200,1210171.3333333333,188109.53367875647,1956,2019-02-09,2024-12-21,2142,30.0
C0438,Corporate,Rental,Kolkata,West Bengal,East,2,482026,171913,Net 30,2021-09-19,2021-09-29,1200,3.3,122,39,48432400,1,4,4,144,9,Potential / Needs Attention,240,10445990,1241856.4102564103,201801.66666666666,2562,2019-06-17,2024-09-01,1903,11.82
C0439,Dealer,Construction,Visakhapatnam,Andhra Pradesh,South,5,280679,62281,Net 30,2018-01-12,2023-03-12,2546,7.0,10,36,37351400,5,3,2,532,10,Loyal / High Value,219,8059650,1037538.8888888889,170554.33789954337,2294,2019-03-21,2024-12-22,2103,5.14
C0440,Retail,Manufacturing,Hyderabad,Telangana,South,5,17475,3995,Net 30,2021-04-23,2022-04-06,1349,3.7,72,44,64680520,2,5,5,255,12,Loyal / High Value,336,13869790,1470011.8181818181,192501.54761904763,3315,2019-01-29,2024-10-21,2092,11.89
C0441,Dealer,Construction,Lucknow,Uttar Pradesh,North,2,261833,189019,Net 60,2016-05-31,2017-03-05,3137,8.6,74,31,37017660,2,2,1,221,5,At Risk / Hibernating,225,8278100,1194118.064516129,164522.93333333332,2382,2019-01-17,2024-10-19,2102,3.6
C0442,Dealer,Logistics,Kolkata,West Bengal,East,3,440207,114258,Net 15,2017-08-29,2017-12-31,2682,7.3,73,33,41966020,2,2,2,222,6,At Risk / Hibernating,208,8888190,1271697.5757575757,201759.71153846153,2137,2019-01-28,2024-10-20,2092,4.52
C0443,Dealer,Infrastructure,Kolkata,West Bengal,East,1,466614,183013,Net 30,2022-04-25,2024-12-13,982,2.7,44,40,50982660,3,4,4,344,11,Loyal / High Value,259,10861860,1274566.5,196844.2471042471,2766,2019-03-27,2024-11-18,2063,14.81
C0444,Dealer,Manufacturing,Chennai,Tamil Nadu,South,1,403967,96858,Net 30,2022-08-26,2023-11-05,859,2.4,359,30,39970050,1,1,2,112,4,Lost / Low Value,227,8868580,1332335.0,176079.5154185022,2586,2019-02-25,2024-01-08,1778,12.5
C0445,Government,Mining,Kolkata,West Bengal,East,2,1283660,253336,Net 60,2024-01-15,2024-04-10,352,1.0,4,28,44860580,5,1,3,513,9,Potential / Needs Attention,206,9382440,1602163.5714285714,217769.8058252427,2065,2019-04-04,2024-12-28,2095,28.0
C0446,Retail,Logistics,Visakhapatnam,Andhra Pradesh,South,1,25401,2338,Advance,2019-09-19,2024-08-14,1931,5.3,77,34,40839770,2,3,2,232,7,Potential / Needs Attention,212,8824800,1201169.705882353,192640.4245283019,2246,2019-02-03,2024-10-16,2082,6.42
C0447,Fleet Owner,Rental,Kolkata,West Bengal,East,2,659733,93235,Net 15,2020-03-08,2020-09-02,1760,4.8,9,33,48124660,5,2,4,524,11,Loyal / High Value,227,10397070,1458323.0303030303,212002.9074889868,2524,2019-05-16,2024-12-23,2048,6.88
C0448,Fleet Owner,Logistics,Kolkata,West Bengal,East,4,796652,544307,Net 45,2018-06-29,2020-05-24,2378,6.5,21,36,53706280,4,3,4,434,11,Loyal / High Value,227,11569930,1491841.111111111,236591.54185022027,2526,2019-03-13,2024-12-11,2100,5.54
C0449,Fleet Owner,Logistics,Surat,Gujarat,West,3,359802,296904,Net 45,2022-12-31,2023-12-10,732,2.0,43,32,43705510,3,2,3,323,8,Potential / Needs Attention,214,9288890,1365797.1875,204231.3551401869,2249,2019-07-19,2024-11-19,1950,16.0
C0450,Fleet Owner,Construction,Kolkata,West Bengal,East,5,139226,122462,Advance,2016-01-12,2024-03-15,3277,9.0,111,38,43401530,1,4,3,143,8,Potential / Needs Attention,217,9250750,1142145.5263157894,200007.05069124425,2347,2019-01-15,2024-09-12,2067,4.22
C0451,Government,Manufacturing,Ranchi,Jharkhand,East,3,1083798,936832,Advance,2021-11-19,2023-09-20,1139,3.1,179,37,38981780,1,4,2,142,7,Potential / Needs Attention,216,8531890,1053561.6216216215,180471.2037037037,2177,2019-01-07,2024-07-06,2007,11.94
C0452,Fleet Owner,Mining,Hyderabad,Telangana,South,1,362507,335242,Advance,2018-09-19,2022-08-24,2296,6.3,5,35,31479440,5,3,1,531,9,Potential / Needs Attention,195,7033130,899412.5714285715,161433.02564102566,2143,2019-03-05,2024-12-27,2124,5.56
C0453,Dealer,Mining,Ranchi,Jharkhand,East,3,158610,20082,Net 30,2017-08-01,2022-07-21,2710,7.4,31,31,46607160,4,2,3,423,9,Potential / Needs Attention,226,10198130,1503456.7741935484,206226.37168141594,2527,2019-05-25,2024-12-01,2017,4.19
C0454,Government,Mining,Pune,Maharashtra,West,3,797861,13824,Net 15,2018-10-19,2024-05-09,2266,6.2,48,33,32847670,3,2,1,321,6,At Risk / Hibernating,163,7065860,995383.9393939395,201519.44785276073,1810,2019-02-08,2024-11-14,2106,5.32
C0455,Retail,Logistics,Indore,Madhya Pradesh,Central,1,12300,6971,Advance,2018-09-12,2022-05-26,2303,6.3,35,35,49656280,4,3,4,434,11,Loyal / High Value,223,10837520,1418750.857142857,222673.90134529147,2493,2019-04-27,2024-11-27,2041,5.56
C0456,Corporate,Mining,Delhi,Delhi,North,4,265102,71426,Advance,2015-02-13,2015-04-30,3610,9.9,77,27,24747800,2,1,1,211,4,Lost / Low Value,149,5342480,916585.1851851852,166092.61744966442,1488,2019-02-23,2024-10-16,2062,2.73
C0457,Retail,Manufacturing,Kolkata,West Bengal,East,4,16374,15438,Net 15,2017-08-16,2018-07-27,2695,7.4,47,33,44351780,3,2,3,323,8,Potential / Needs Attention,237,9668780,1343993.3333333333,187138.31223628693,2509,2019-01-13,2024-11-15,2133,4.46
C0458,Dealer,Manufacturing,Ahmedabad,Gujarat,West,4,162635,61520,Advance,2022-10-15,2023-11-23,809,2.2,4,38,39941170,5,4,2,542,11,Loyal / High Value,241,8761920,1051083.4210526317,165730.99585062242,2631,2019-07-09,2024-12-28,1999,17.27
C0459,Retail,Logistics,Ranchi,Jharkhand,East,5,16763,15429,Net 45,2019-12-24,2020-03-13,1835,5.0,18,41,56361360,4,5,5,455,14,Champions,269,12026580,1374667.3170731708,209521.7843866171,2849,2019-03-10,2024-12-14,2106,8.2
C0460,Dealer,Logistics,Coimbatore,Tamil Nadu,South,1,143749,30133,Net 60,2023-03-13,2023-03-28,660,1.8,37,32,50664330,4,2,4,424,10,Loyal / High Value,229,10957160,1583260.3125,221241.61572052402,2571,2019-04-06,2024-11-25,2060,17.78
C0461,Corporate,Infrastructure,Delhi,Delhi,North,5,965128,447317,Net 45,2018-02-10,2018-05-31,2517,6.9,62,36,44543940,2,3,3,233,8,Potential / Needs Attention,247,9646230,1237331.6666666667,180339.83805668016,2715,2019-02-27,2024-10-31,2073,5.22
C0462,Retail,Logistics,Chennai,Tamil Nadu,South,5,22565,9458,Net 15,2015-07-20,2018-02-20,3453,9.5,49,49,64949220,3,5,5,355,13,Champions,334,14089080,1325494.2857142857,194458.74251497007,3546,2019-01-06,2024-11-13,2138,5.16
C0463,Dealer,Mining,Nagpur,Maharashtra,West,4,325255,17271,Net 15,2023-09-22,2024-09-15,467,1.3,132,35,43452000,1,3,3,133,7,Potential / Needs Attention,251,9549100,1241485.7142857143,173115.53784860557,2617,2019-01-10,2024-08-22,2051,26.92
C0464,Corporate,Infrastructure,Lucknow,Uttar Pradesh,North,1,703261,194204,Net 45,2023-08-08,2024-12-07,512,1.4,110,38,52908510,1,4,4,144,9,Potential / Needs Attention,260,11387630,1392329.2105263157,203494.26923076922,2841,2019-01-18,2024-09-13,2065,27.14
C0465,Fleet Owner,Mining,Chennai,Tamil Nadu,South,1,573243,248521,Net 30,2021-11-07,2023-11-19,1151,3.2,20,35,37783870,4,3,2,432,9,Potential / Needs Attention,233,8496310,1079539.142857143,162162.5321888412,2404,2019-03-12,2024-12-12,2102,10.94
C0466,Retail,Manufacturing,Bengaluru,Karnataka,South,3,17753,15154,Advance,2019-01-08,2022-09-19,2185,6.0,19,47,69276730,4,5,5,455,14,Champions,339,14683320,1473972.9787234042,204356.13569321533,3592,2019-03-19,2024-12-13,2096,7.83
C0467,Retail,Construction,Delhi,Delhi,North,5,10621,1167,Net 15,2023-09-29,2024-04-02,460,1.3,56,48,49361930,3,5,4,354,12,Loyal / High Value,259,10806600,1028373.5416666666,190586.6023166023,2649,2019-01-02,2024-11-06,2135,36.92
C0468,Fleet Owner,Rental,Hyderabad,Telangana,South,1,531281,35084,Net 60,2019-07-20,2020-07-17,1992,5.5,52,49,59022070,3,5,5,355,13,Champions,340,12657360,1204532.0408163266,173594.32352941178,3438,2019-05-10,2024-11-10,2011,8.91
C0469,Government,Manufacturing,Chandigarh,Punjab,North,1,959081,324787,Net 45,2017-05-20,2020-09-16,2783,7.6,14,40,53714930,5,4,4,544,13,Champions,272,11484830,1342873.25,197481.36029411765,2820,2019-01-04,2024-12-18,2175,5.26
C0470,Government,Mining,Chennai,Tamil Nadu,South,1,1219925,949663,Net 45,2016-05-16,2020-07-11,3152,8.6,96,36,38599240,2,3,2,232,7,Potential / Needs Attention,226,8559510,1072201.111111111,170793.09734513273,2327,2019-01-25,2024-09-27,2072,4.19
C0471,Fleet Owner,Logistics,Ahmedabad,Gujarat,West,5,601565,128183,Advance,2017-02-24,2021-10-27,2868,7.9,35,37,51389940,4,4,4,444,12,Loyal / High Value,262,10935980,1388917.2972972973,196144.80916030533,2635,2019-02-23,2024-11-27,2104,4.68
C0472,Dealer,Manufacturing,Coimbatore,Tamil Nadu,South,4,475653,77024,Net 45,2020-10-07,2022-01-20,1547,4.2,39,34,43087580,3,3,3,333,9,Potential / Needs Attention,248,9336060,1267281.7647058824,173740.24193548388,2669,2019-04-29,2024-11-23,2035,8.1
C0473,Government,Rental,Chennai,Tamil Nadu,South,3,1339337,1213028,Net 45,2019-02-26,2024-12-18,2136,5.8,47,26,32922260,3,1,1,311,5,At Risk / Hibernating,161,6989630,1266240.7692307692,204486.08695652173,1735,2019-03-04,2024-11-15,2083,4.48
C0474,Government,Logistics,Pune,Maharashtra,West,3,697497,64747,Net 45,2022-11-30,2024-06-02,763,2.1,55,30,37863700,3,1,2,312,6,At Risk / Hibernating,196,8175400,1262123.3333333333,193182.14285714287,2020,2019-01-11,2024-11-07,2127,14.29
C0475,Fleet Owner,Construction,Kolkata,West Bengal,East,3,306605,272802,Net 45,2023-02-24,2024-07-18,677,1.9,14,55,74442140,5,5,5,555,15,Champions,379,15977260,1353493.4545454546,196417.25593667547,4162,2019-01-19,2024-12-18,2160,28.95
C0476,Fleet Owner,Infrastructure,Delhi,Delhi,North,3,209985,8474,Net 60,2021-08-31,2023-06-28,1219,3.3,94,34,57777740,2,3,5,235,10,Loyal / High Value,219,12020440,1699345.294117647,263825.29680365295,2297,2019-01-13,2024-09-29,2086,10.3
C0477,Government,Construction,Ahmedabad,Gujarat,West,5,831717,641227,Net 15,2021-01-03,2022-06-28,1459,4.0,80,36,45286770,2,3,3,233,8,Potential / Needs Attention,257,9866860,1257965.8333333333,176213.11284046693,2667,2019-06-12,2024-10-13,1950,9.0
C0478,Retail,Rental,Delhi,Delhi,North,1,15416,13473,Net 30,2019-06-16,2023-10-29,2026,5.5,3,44,59528290,5,5,5,555,15,Champions,289,12759650,1352915.6818181819,205980.24221453286,3141,2019-02-04,2024-12-29,2155,8.0
C0479,Retail,Construction,Mumbai,Maharashtra,West,1,41285,5051,Net 45,2020-10-13,2020-12-10,1541,4.2,85,26,29592950,2,1,1,211,4,Lost / Low Value,181,6378030,1138190.3846153845,163496.96132596684,1748,2019-02-22,2024-10-08,2055,6.19
C0480,Government,Infrastructure,Mumbai,Maharashtra,West,3,635943,336455,Net 45,2017-06-14,2023-09-28,2758,7.6,38,34,38076520,3,3,2,332,8,Potential / Needs Attention,206,8205290,1119897.6470588236,184837.47572815535,2199,2019-01-24,2024-11-24,2131,4.47
C0481,Corporate,Logistics,Chennai,Tamil Nadu,South,5,437015,243932,Net 30,2016-07-19,2017-01-26,3088,8.5,1,39,47455190,5,4,3,543,12,Loyal / High Value,264,10295110,1216799.7435897435,179754.50757575757,2851,2019-01-03,2024-12-31,2189,4.59
C0482,Fleet Owner,Logistics,Kolkata,West Bengal,East,1,285819,265924,Net 60,2018-05-29,2024-01-18,2409,6.6,29,31,57846740,4,2,5,425,11,Loyal / High Value,229,12035510,1866023.8709677418,252605.8515283843,2461,2019-12-15,2024-12-03,1815,4.7
C0483,Corporate,Rental,Delhi,Delhi,North,1,511858,312732,Advance,2018-10-10,2023-02-06,2275,6.2,14,47,75352940,5,5,5,555,15,Champions,311,15861640,1603254.0425531915,242292.4115755627,3454,2019-02-20,2024-12-18,2128,7.58
C0484,Fleet Owner,Mining,Ahmedabad,Gujarat,West,1,773172,383774,Net 60,2019-07-31,2020-11-23,1981,5.4,52,27,37883370,3,1,2,312,6,At Risk / Hibernating,194,8203110,1403087.7777777778,195275.1030927835,2160,2019-01-30,2024-11-10,2111,5.0
C0485,Fleet Owner,Rental,Pune,Maharashtra,West,1,581553,485739,Net 60,2024-08-15,2024-10-10,139,0.4,92,28,46389160,2,1,3,213,6,At Risk / Hibernating,207,9823730,1656755.7142857143,224102.22222222222,2289,2019-01-14,2024-10-01,2087,70.0
C0486,Government,Manufacturing,Pune,Maharashtra,West,2,670285,64946,Advance,2016-07-30,2023-12-08,3077,8.4,86,34,41350080,2,3,2,232,7,Potential / Needs Attention,239,9074400,1216178.8235294118,173012.88702928871,2519,2019-01-01,2024-10-07,2106,4.05
C0487,Dealer,Mining,Visakhapatnam,Andhra Pradesh,South,1,346606,25749,Net 15,2015-07-27,2019-07-24,3446,9.4,289,26,31063950,1,1,1,111,3,Lost / Low Value,167,6783330,1194767.3076923077,186011.6766467066,1785,2019-03-08,2024-03-18,1837,2.77
C0488,Government,Construction,Chennai,Tamil Nadu,South,1,1281429,1043182,Advance,2017-09-05,2019-05-24,2675,7.3,36,37,52826960,4,4,4,444,12,Loyal / High Value,262,11657960,1427755.6756756757,201629.6183206107,2909,2019-03-01,2024-11-26,2097,5.07
C0489,Fleet Owner,Rental,Chennai,Tamil Nadu,South,5,594359,581546,Net 30,2019-03-26,2019-04-17,2108,5.8,137,47,55400350,1,5,5,155,11,Loyal / High Value,286,12142960,1178730.8510638298,193707.5174825175,3064,2019-04-14,2024-08-17,1952,8.1
C0490,Government,Logistics,Pune,Maharashtra,West,3,1262928,379981,Net 30,2021-12-26,2023-10-31,1102,3.0,3,44,66510660,5,5,5,555,15,Champions,353,14394540,1511605.9090909092,188415.46742209632,3654,2019-01-26,2024-12-29,2164,14.67
C0491,Dealer,Infrastructure,Chennai,Tamil Nadu,South,1,312699,2744,Net 60,2015-11-26,2021-05-02,3324,9.1,181,27,51140830,1,1,4,114,6,At Risk / Hibernating,216,10892220,1894104.8148148148,236763.10185185185,2384,2019-03-27,2024-07-04,1926,2.97
C0492,Dealer,Rental,Ranchi,Jharkhand,East,1,442676,48242,Net 60,2021-08-03,2023-04-11,1247,3.4,57,35,48527140,3,3,4,334,10,Loyal / High Value,246,10552930,1386489.7142857143,197264.79674796748,2635,2019-02-04,2024-11-05,2101,10.29
C0493,Retail,Construction,Chennai,Tamil Nadu,South,3,18646,17697,Advance,2015-10-12,2023-08-28,3369,9.2,40,38,42934640,3,4,3,343,10,Loyal / High Value,254,9693330,1129858.9473684211,169034.0157480315,2728,2019-02-18,2024-11-22,2104,4.13
C0494,Corporate,Construction,Ranchi,Jharkhand,East,2,704926,188070,Net 45,2018-09-27,2023-03-13,2288,6.3,34,32,37868420,4,2,2,422,8,Potential / Needs Attention,203,8247300,1183388.125,186543.9408866995,2140,2019-02-25,2024-11-28,2103,5.08
C0495,Fleet Owner,Infrastructure,Jaipur,Rajasthan,North,2,414484,135441,Net 45,2021-12-15,2024-03-13,1113,3.0,37,48,74165320,4,5,5,455,14,Champions,332,15761620,1545110.8333333333,223389.51807228915,3533,2019-01-28,2024-11-25,2128,16.0
C0496,Government,Infrastructure,Bhubaneswar,Odisha,East,5,993386,256383,Net 15,2018-10-05,2019-03-17,2280,6.2,5,37,37818650,5,4,2,542,11,Loyal / High Value,211,8242200,1022125.6756756756,179235.30805687205,2215,2019-02-17,2024-12-27,2140,5.97
C0497,Government,Logistics,Chennai,Tamil Nadu,South,3,764082,310133,Net 45,2022-07-11,2024-03-30,905,2.5,60,30,40341140,2,1,2,212,5,At Risk / Hibernating,211,8843450,1344704.6666666667,191190.23696682465,2279,2019-06-12,2024-11-02,1970,12.0
C0498,Fleet Owner,Construction,Kolkata,West Bengal,East,3,502514,14738,Net 30,2017-01-31,2018-05-24,2892,7.9,135,28,50845460,1,1,4,114,6,At Risk / Hibernating,191,10590810,1815909.2857142857,266206.59685863875,2120,2019-03-01,2024-08-19,1998,3.54
C0499,Corporate,Construction,Bhubaneswar,Odisha,East,5,598104,54844,Advance,2024-11-14,2024-12-16,48,0.1,33,39,49218150,4,4,4,444,12,Loyal / High Value,231,10643290,1262003.8461538462,213065.58441558442,2434,2019-01-18,2024-11-29,2142,390.0
C0500,Corporate,Infrastructure,Kolkata,West Bengal,East,3,483892,363569,Net 30,2023-07-16,2024-07-13,535,1.5,25,27,34912870,4,1,1,411,6,At Risk / Hibernating,185,7654590,1293069.2592592593,188718.2162162162,1975,2019-01-06,2024-12-07,2162,18.0
